-1.0 ,-1.0 ,-1.0 ,-0.00027790663671 ,-0.00027790663671 ,-7.49050835376e-05 
-1.0 ,-0.8 ,-1.0 ,-0.000375114826497 ,-0.000291755976165 ,-0.000141525779365 
-1.0 ,-0.6 ,-1.0 ,-0.000482242088364 ,-0.000267912271313 ,-0.000220916650374 
-1.0 ,-0.4 ,-1.0 ,-0.000578903803936 ,-0.000192967934645 ,-0.000296388369293 
-1.0 ,-0.2 ,-1.0 ,-0.000637619996411 ,-7.08466662679e-05 ,-0.000343627382582 
-1.0 ,0.0 ,-1.0 ,-0.000637619996411 ,7.08466662679e-05 ,-0.000343627382582 
-1.0 ,0.2 ,-1.0 ,-0.000578903803936 ,0.000192967934645 ,-0.000296388369293 
-1.0 ,0.4 ,-1.0 ,-0.000482242088364 ,0.000267912271313 ,-0.000220916650374 
-1.0 ,0.6 ,-1.0 ,-0.000375114826497 ,0.000291755976165 ,-0.000141525779365 
-1.0 ,0.8 ,-1.0 ,-0.00027790663671 ,0.00027790663671 ,-7.49050835376e-05 
-0.8 ,-1.0 ,-1.0 ,-0.000291755976165 ,-0.000375114826497 ,-0.000141525779365 
-0.8 ,-0.8 ,-1.0 ,-0.00041026735543 ,-0.00041026735543 ,-0.000255853428972 
-0.8 ,-0.6 ,-1.0 ,-0.000548351355947 ,-0.000391679539962 ,-0.00039894585592 
-0.8 ,-0.4 ,-1.0 ,-0.0006791764779 ,-0.000291075633386 ,-0.000541176642405 
-0.8 ,-0.2 ,-1.0 ,-0.000761387896995 ,-0.000108769699571 ,-0.000633057393031 
-0.8 ,0.0 ,-1.0 ,-0.000761387896995 ,0.000108769699571 ,-0.000633057393031 
-0.8 ,0.2 ,-1.0 ,-0.0006791764779 ,0.000291075633386 ,-0.000541176642405 
-0.8 ,0.4 ,-1.0 ,-0.000548351355947 ,0.000391679539962 ,-0.00039894585592 
-0.8 ,0.6 ,-1.0 ,-0.00041026735543 ,0.00041026735543 ,-0.000255853428972 
-0.8 ,0.8 ,-1.0 ,-0.000291755976165 ,0.000375114826497 ,-0.000141525779365 
-0.6 ,-1.0 ,-1.0 ,-0.000267912271313 ,-0.000482242088364 ,-0.000220916650374 
-0.6 ,-0.8 ,-1.0 ,-0.000391679539962 ,-0.000548351355947 ,-0.00039894585592 
-0.6 ,-0.6 ,-1.0 ,-0.000543848497854 ,-0.000543848497854 ,-0.000633057393031 
-0.6 ,-0.4 ,-1.0 ,-0.000695168929677 ,-0.000417101357806 ,-0.000876625018445 
-0.6 ,-0.2 ,-1.0 ,-0.00079358766407 ,-0.000158717532814 ,-0.00103922064208 
-0.6 ,0.0 ,-1.0 ,-0.00079358766407 ,0.000158717532814 ,-0.00103922064208 
-0.6 ,0.2 ,-1.0 ,-0.000695168929677 ,0.000417101357806 ,-0.000876625018445 
-0.6 ,0.4 ,-1.0 ,-0.000543848497854 ,0.000543848497854 ,-0.000633057393031 
-0.6 ,0.6 ,-1.0 ,-0.000391679539962 ,0.000548351355947 ,-0.00039894585592 
-0.6 ,0.8 ,-1.0 ,-0.000267912271313 ,0.000482242088364 ,-0.000220916650374 
-0.4 ,-1.0 ,-1.0 ,-0.000192967934645 ,-0.000578903803936 ,-0.000296388369293 
-0.4 ,-0.8 ,-1.0 ,-0.000291075633386 ,-0.0006791764779 ,-0.000541176642405 
-0.4 ,-0.6 ,-1.0 ,-0.000417101357806 ,-0.000695168929677 ,-0.000876625018445 
-0.4 ,-0.4 ,-1.0 ,-0.000547601793201 ,-0.000547601793201 ,-0.00123942490002 
-0.4 ,-0.2 ,-1.0 ,-0.000635006310317 ,-0.000211668770106 ,-0.00148858425758 
-0.4 ,0.0 ,-1.0 ,-0.000635006310317 ,0.000211668770106 ,-0.00148858425758 
-0.4 ,0.2 ,-1.0 ,-0.000547601793201 ,0.000547601793201 ,-0.00123942490002 
-0.4 ,0.4 ,-1.0 ,-0.000417101357806 ,0.000695168929677 ,-0.000876625018445 
-0.4 ,0.6 ,-1.0 ,-0.000291075633386 ,0.0006791764779 ,-0.000541176642405 
-0.4 ,0.8 ,-1.0 ,-0.000192967934645 ,0.000578903803936 ,-0.000296388369293 
-0.2 ,-1.0 ,-1.0 ,-7.08466662679e-05 ,-0.000637619996411 ,-0.000343627382582 
-0.2 ,-0.8 ,-1.0 ,-0.000108769699571 ,-0.000761387896995 ,-0.000633057393031 
-0.2 ,-0.6 ,-1.0 ,-0.000158717532814 ,-0.00079358766407 ,-0.00103922064208 
-0.2 ,-0.4 ,-1.0 ,-0.000211668770106 ,-0.000635006310317 ,-0.00148858425758 
-0.2 ,-0.2 ,-1.0 ,-0.000247751601004 ,-0.000247751601004 ,-0.00180242433362 
-0.2 ,0.0 ,-1.0 ,-0.000247751601004 ,0.000247751601004 ,-0.00180242433362 
-0.2 ,0.2 ,-1.0 ,-0.000211668770106 ,0.000635006310317 ,-0.00148858425758 
-0.2 ,0.4 ,-1.0 ,-0.000158717532814 ,0.00079358766407 ,-0.00103922064208 
-0.2 ,0.6 ,-1.0 ,-0.000108769699571 ,0.000761387896995 ,-0.000633057393031 
-0.2 ,0.8 ,-1.0 ,-7.08466662679e-05 ,0.000637619996411 ,-0.000343627382582 
0.0 ,-1.0 ,-1.0 ,7.08466662679e-05 ,-0.000637619996411 ,-0.000343627382582 
0.0 ,-0.8 ,-1.0 ,0.000108769699571 ,-0.000761387896995 ,-0.000633057393031 
0.0 ,-0.6 ,-1.0 ,0.000158717532814 ,-0.00079358766407 ,-0.00103922064208 
0.0 ,-0.4 ,-1.0 ,0.000211668770106 ,-0.000635006310317 ,-0.00148858425758 
0.0 ,-0.2 ,-1.0 ,0.000247751601004 ,-0.000247751601004 ,-0.00180242433362 
0.0 ,0.0 ,-1.0 ,0.000247751601004 ,0.000247751601004 ,-0.00180242433362 
0.0 ,0.2 ,-1.0 ,0.000211668770106 ,0.000635006310317 ,-0.00148858425758 
0.0 ,0.4 ,-1.0 ,0.000158717532814 ,0.00079358766407 ,-0.00103922064208 
0.0 ,0.6 ,-1.0 ,0.000108769699571 ,0.000761387896995 ,-0.000633057393031 
0.0 ,0.8 ,-1.0 ,7.08466662679e-05 ,0.000637619996411 ,-0.000343627382582 
0.2 ,-1.0 ,-1.0 ,0.000192967934645 ,-0.000578903803936 ,-0.000296388369293 
0.2 ,-0.8 ,-1.0 ,0.000291075633386 ,-0.0006791764779 ,-0.000541176642405 
0.2 ,-0.6 ,-1.0 ,0.000417101357806 ,-0.000695168929677 ,-0.000876625018445 
0.2 ,-0.4 ,-1.0 ,0.000547601793201 ,-0.000547601793201 ,-0.00123942490002 
0.2 ,-0.2 ,-1.0 ,0.000635006310317 ,-0.000211668770106 ,-0.00148858425758 
0.2 ,0.0 ,-1.0 ,0.000635006310317 ,0.000211668770106 ,-0.00148858425758 
0.2 ,0.2 ,-1.0 ,0.000547601793201 ,0.000547601793201 ,-0.00123942490002 
0.2 ,0.4 ,-1.0 ,0.000417101357806 ,0.000695168929677 ,-0.000876625018445 
0.2 ,0.6 ,-1.0 ,0.000291075633386 ,0.0006791764779 ,-0.000541176642405 
0.2 ,0.8 ,-1.0 ,0.000192967934645 ,0.000578903803936 ,-0.000296388369293 
0.4 ,-1.0 ,-1.0 ,0.000267912271313 ,-0.000482242088364 ,-0.000220916650374 
0.4 ,-0.8 ,-1.0 ,0.000391679539962 ,-0.000548351355947 ,-0.00039894585592 
0.4 ,-0.6 ,-1.0 ,0.000543848497854 ,-0.000543848497854 ,-0.000633057393031 
0.4 ,-0.4 ,-1.0 ,0.000695168929677 ,-0.000417101357806 ,-0.000876625018445 
0.4 ,-0.2 ,-1.0 ,0.00079358766407 ,-0.000158717532814 ,-0.00103922064208 
0.4 ,0.0 ,-1.0 ,0.00079358766407 ,0.000158717532814 ,-0.00103922064208 
0.4 ,0.2 ,-1.0 ,0.000695168929677 ,0.000417101357806 ,-0.000876625018445 
0.4 ,0.4 ,-1.0 ,0.000543848497854 ,0.000543848497854 ,-0.000633057393031 
0.4 ,0.6 ,-1.0 ,0.000391679539962 ,0.000548351355947 ,-0.00039894585592 
0.4 ,0.8 ,-1.0 ,0.000267912271313 ,0.000482242088364 ,-0.000220916650374 
0.6 ,-1.0 ,-1.0 ,0.000291755976165 ,-0.000375114826497 ,-0.000141525779365 
0.6 ,-0.8 ,-1.0 ,0.00041026735543 ,-0.00041026735543 ,-0.000255853428972 
0.6 ,-0.6 ,-1.0 ,0.000548351355947 ,-0.000391679539962 ,-0.00039894585592 
0.6 ,-0.4 ,-1.0 ,0.0006791764779 ,-0.000291075633386 ,-0.000541176642405 
0.6 ,-0.2 ,-1.0 ,0.000761387896995 ,-0.000108769699571 ,-0.000633057393031 
0.6 ,0.0 ,-1.0 ,0.000761387896995 ,0.000108769699571 ,-0.000633057393031 
0.6 ,0.2 ,-1.0 ,0.0006791764779 ,0.000291075633386 ,-0.000541176642405 
0.6 ,0.4 ,-1.0 ,0.000548351355947 ,0.000391679539962 ,-0.00039894585592 
0.6 ,0.6 ,-1.0 ,0.00041026735543 ,0.00041026735543 ,-0.000255853428972 
0.6 ,0.8 ,-1.0 ,0.000291755976165 ,0.000375114826497 ,-0.000141525779365 
0.8 ,-1.0 ,-1.0 ,0.00027790663671 ,-0.00027790663671 ,-7.49050835376e-05 
0.8 ,-0.8 ,-1.0 ,0.000375114826497 ,-0.000291755976165 ,-0.000141525779365 
0.8 ,-0.6 ,-1.0 ,0.000482242088364 ,-0.000267912271313 ,-0.000220916650374 
0.8 ,-0.4 ,-1.0 ,0.000578903803936 ,-0.000192967934645 ,-0.000296388369293 
0.8 ,-0.2 ,-1.0 ,0.000637619996411 ,-7.08466662679e-05 ,-0.000343627382582 
0.8 ,0.0 ,-1.0 ,0.000637619996411 ,7.08466662679e-05 ,-0.000343627382582 
0.8 ,0.2 ,-1.0 ,0.000578903803936 ,0.000192967934645 ,-0.000296388369293 
0.8 ,0.4 ,-1.0 ,0.000482242088364 ,0.000267912271313 ,-0.000220916650374 
0.8 ,0.6 ,-1.0 ,0.000375114826497 ,0.000291755976165 ,-0.000141525779365 
0.8 ,0.8 ,-1.0 ,0.00027790663671 ,0.00027790663671 ,-7.49050835376e-05 
1.0 ,-1.0 ,-1.0 ,0.000244073879782 ,-0.000199696810731 ,-2.69279600498e-05 
1.0 ,-0.8 ,-1.0 ,0.000316800438031 ,-0.000201600278747 ,-6.28807784407e-05 
1.0 ,-0.6 ,-1.0 ,0.000392852708078 ,-0.000178569412763 ,-0.000103951923181 
1.0 ,-0.4 ,-1.0 ,0.00045847367683 ,-0.000125038275499 ,-0.000141525779365 
1.0 ,-0.2 ,-1.0 ,0.000497138648915 ,-4.51944226286e-05 ,-0.000164418541326 
1.0 ,0.0 ,-1.0 ,0.000497138648915 ,4.51944226286e-05 ,-0.000164418541326 
1.0 ,0.2 ,-1.0 ,0.00045847367683 ,0.000125038275499 ,-0.000141525779365 
1.0 ,0.4 ,-1.0 ,0.000392852708078 ,0.000178569412763 ,-0.000103951923181 
1.0 ,0.6 ,-1.0 ,0.000316800438031 ,0.000201600278747 ,-6.28807784407e-05 
1.0 ,0.8 ,-1.0 ,0.000244073879782 ,0.000199696810731 ,-2.69279600498e-05 
1.2 ,-1.0 ,-1.0 ,0.000204010157842 ,-0.000141237801583 ,3.78236317852e-06 
1.2 ,-0.8 ,-1.0 ,0.000255612682287 ,-0.000137637598155 ,-1.43285198105e-05 
1.2 ,-0.6 ,-1.0 ,0.000307114215863 ,-0.000118120852255 ,-3.43976570736e-05 
1.2 ,-0.4 ,-1.0 ,0.000349859508293 ,-8.07368096061e-05 ,-5.22344617262e-05 
1.2 ,-0.2 ,-1.0 ,0.000374400517673 ,-2.8800039821e-05 ,-6.28807784407e-05 
1.2 ,0.0 ,-1.0 ,0.000374400517673 ,2.8800039821e-05 ,-6.28807784407e-05 
1.2 ,0.2 ,-1.0 ,0.000349859508293 ,8.07368096061e-05 ,-5.22344617262e-05 
1.2 ,0.4 ,-1.0 ,0.000307114215863 ,0.000118120852255 ,-3.43976570736e-05 
1.2 ,0.6 ,-1.0 ,0.000255612682287 ,0.000137637598155 ,-1.43285198105e-05 
1.2 ,0.8 ,-1.0 ,0.000204010157842 ,0.000141237801583 ,3.78236317853e-06 
1.4 ,-1.0 ,-1.0 ,0.000165641688127 ,-9.93850128763e-05 ,2.14015185218e-05 
1.4 ,-0.8 ,-1.0 ,0.000201253884791 ,-9.3918479569e-05 ,1.29919271166e-05 
1.4 ,-0.6 ,-1.0 ,0.000235396335972 ,-7.8465445324e-05 ,3.78236317853e-06 
1.4 ,-0.4 ,-1.0 ,0.000262821801682 ,-5.25643603364e-05 ,-4.27260314418e-06 
1.4 ,-0.2 ,-1.0 ,0.000278232139512 ,-1.85488093008e-05 ,-9.02002559004e-06 
1.4 ,0.0 ,-1.0 ,0.000278232139512 ,1.85488093008e-05 ,-9.02002559004e-06 
1.4 ,0.2 ,-1.0 ,0.000262821801682 ,5.25643603364e-05 ,-4.27260314418e-06 
1.4 ,0.4 ,-1.0 ,0.000235396335972 ,7.8465445324e-05 ,3.78236317853e-06 
1.4 ,0.6 ,-1.0 ,0.000201253884791 ,9.3918479569e-05 ,1.29919271166e-05 
1.4 ,0.8 ,-1.0 ,0.000165641688127 ,9.93850128763e-05 ,2.14015185218e-05 
1.6 ,-1.0 ,-1.0 ,0.000132402326774 ,-7.00953494688e-05 ,3.01994548751e-05 
1.6 ,-0.8 ,-1.0 ,0.000156699190879 ,-6.45231962442e-05 ,2.68027731635e-05 
1.6 ,-0.6 ,-1.0 ,0.000179214972868 ,-5.27102861376e-05 ,2.29868250412e-05 
1.6 ,-0.4 ,-1.0 ,0.000196816476359 ,-3.47323193575e-05 ,1.96309733844e-05 
1.6 ,-0.2 ,-1.0 ,0.000206533929958 ,-1.21490547034e-05 ,1.76548879307e-05 
1.6 ,0.0 ,-1.0 ,0.000206533929958 ,1.21490547034e-05 ,1.76548879307e-05 
1.6 ,0.2 ,-1.0 ,0.000196816476359 ,3.47323193575e-05 ,1.96309733844e-05 
1.6 ,0.4 ,-1.0 ,0.000179214972868 ,5.27102861376e-05 ,2.29868250412e-05 
1.6 ,0.6 ,-1.0 ,0.000156699190879 ,6.45231962442e-05 ,2.68027731635e-05 
1.6 ,0.8 ,-1.0 ,0.000132402326774 ,7.00953494688e-05 ,3.01994548751e-05 
1.8 ,-1.0 ,-1.0 ,0.000105107495936 ,-4.97877612331e-05 ,3.3520281316e-05 
1.8 ,-0.8 ,-1.0 ,0.000121665727727 ,-4.48242154785e-05 ,3.25913970675e-05 
1.8 ,-0.6 ,-1.0 ,0.000136579149852 ,-3.594188154e-05 ,3.13583258e-05 
1.8 ,-0.4 ,-1.0 ,0.000147979071101 ,-2.33651164896e-05 ,3.01994548751e-05 
1.8 ,-0.2 ,-1.0 ,0.00015418283427 ,-8.11488601421e-06 ,2.9498218799e-05 
1.8 ,0.0 ,-1.0 ,0.00015418283427 ,8.1148860142e-06 ,2.9498218799e-05 
1.8 ,0.2 ,-1.0 ,0.000147979071101 ,2.33651164896e-05 ,3.01994548751e-05 
1.8 ,0.4 ,-1.0 ,0.000136579149852 ,3.594188154e-05 ,3.13583258e-05 
1.8 ,0.6 ,-1.0 ,0.000121665727727 ,4.48242154785e-05 ,3.25913970675e-05 
1.8 ,0.8 ,-1.0 ,0.000105107495936 ,4.97877612331e-05 ,3.3520281316e-05 
-1.0 ,-1.0 ,-0.8 ,-0.000332834749379 ,-0.000332834749379 ,-6.39220134014e-08 
-1.0 ,-0.8 ,-0.8 ,-0.000473723044366 ,-0.000368451256729 ,-6.24791900183e-05 
-1.0 ,-0.6 ,-0.8 ,-0.000640632061617 ,-0.000355906700898 ,-0.00014777156799 
-1.0 ,-0.4 ,-0.8 ,-0.000801132256472 ,-0.000267044085491 ,-0.000237549519667 
-1.0 ,-0.2 ,-0.8 ,-0.000903053867542 ,-0.000100339318616 ,-0.000297505522557 
-1.0 ,0.0 ,-0.8 ,-0.000903053867542 ,0.000100339318616 ,-0.000297505522557 
-1.0 ,0.2 ,-0.8 ,-0.000801132256472 ,0.000267044085491 ,-0.000237549519667 
-1.0 ,0.4 ,-0.8 ,-0.000640632061617 ,0.000355906700898 ,-0.00014777156799 
-1.0 ,0.6 ,-0.8 ,-0.000473723044366 ,0.000368451256729 ,-6.24791900183e-05 
-1.0 ,0.8 ,-0.8 ,-0.000332834749379 ,0.000332834749379 ,-6.39220134046e-08 
-0.8 ,-1.0 ,-0.8 ,-0.000368451256729 ,-0.000473723044366 ,-6.24791900183e-05 
-0.8 ,-0.8 ,-0.8 ,-0.000555811251969 ,-0.000555811251969 ,-0.000188365988637 
-0.8 ,-0.6 ,-0.8 ,-0.000796516413169 ,-0.00056894029512 ,-0.000371101348736 
-0.8 ,-0.4 ,-0.8 ,-0.0010458003276 ,-0.000448200140399 ,-0.000575794091147 
-0.8 ,-0.2 ,-0.8 ,-0.00121277920001 ,-0.00017325417143 ,-0.000719074882552 
-0.8 ,0.0 ,-0.8 ,-0.00121277920001 ,0.00017325417143 ,-0.000719074882552 
-0.8 ,0.2 ,-0.8 ,-0.0010458003276 ,0.000448200140399 ,-0.000575794091147 
-0.8 ,0.4 ,-0.8 ,-0.000796516413169 ,0.00056894029512 ,-0.000371101348736 
-0.8 ,0.6 ,-0.8 ,-0.000555811251969 ,0.000555811251969 ,-0.000188365988637 
-0.8 ,0.8 ,-0.8 ,-0.000368451256729 ,0.000473723044366 ,-6.24791900183e-05 
-0.6 ,-1.0 ,-0.8 ,-0.000355906700898 ,-0.000640632061617 ,-0.00014777156799 
-0.6 ,-0.8 ,-0.8 ,-0.00056894029512 ,-0.000796516413169 ,-0.000371101348736 
-0.6 ,-0.6 ,-0.8 ,-0.00086627085715 ,-0.00086627085715 ,-0.000719074882552 
-0.6 ,-0.4 ,-0.8 ,-0.00119954121811 ,-0.000719724730864 ,-0.00113792230695 
-0.6 ,-0.2 ,-0.8 ,-0.00143631372 ,-0.000287262744 ,-0.00144767500454 
-0.6 ,0.0 ,-0.8 ,-0.00143631372 ,0.000287262744 ,-0.00144767500454 
-0.6 ,0.2 ,-0.8 ,-0.00119954121811 ,0.000719724730864 ,-0.00113792230695 
-0.6 ,0.4 ,-0.8 ,-0.00086627085715 ,0.00086627085715 ,-0.000719074882552 
-0.6 ,0.6 ,-0.8 ,-0.00056894029512 ,0.000796516413169 ,-0.000371101348736 
-0.6 ,0.8 ,-0.8 ,-0.000355906700898 ,0.000640632061617 ,-0.00014777156799 
-0.4 ,-1.0 ,-0.8 ,-0.000267044085491 ,-0.000801132256472 ,-0.000237549519667 
-0.4 ,-0.8 ,-0.8 ,-0.000448200140399 ,-0.0010458003276 ,-0.000575794091147 
-0.4 ,-0.6 ,-0.8 ,-0.000719724730864 ,-0.00119954121811 ,-0.00113792230695 
-0.4 ,-0.4 ,-0.8 ,-0.00104642045967 ,-0.00104642045967 ,-0.00186121913762 
-0.4 ,-0.2 ,-0.8 ,-0.00129152969984 ,-0.000430509899946 ,-0.00242479929942 
-0.4 ,0.0 ,-0.8 ,-0.00129152969984 ,0.000430509899946 ,-0.00242479929942 
-0.4 ,0.2 ,-0.8 ,-0.00104642045967 ,0.00104642045967 ,-0.00186121913762 
-0.4 ,0.4 ,-0.8 ,-0.000719724730864 ,0.00119954121811 ,-0.00113792230695 
-0.4 ,0.6 ,-0.8 ,-0.000448200140399 ,0.0010458003276 ,-0.000575794091147 
-0.4 ,0.8 ,-0.8 ,-0.000267044085491 ,0.000801132256472 ,-0.000237549519667 
-0.2 ,-1.0 ,-0.8 ,-0.000100339318616 ,-0.000903053867542 ,-0.000297505522557 
-0.2 ,-0.8 ,-0.8 ,-0.00017325417143 ,-0.00121277920001 ,-0.000719074882552 
-0.2 ,-0.6 ,-0.8 ,-0.000287262744 ,-0.00143631372 ,-0.00144767500454 
-0.2 ,-0.4 ,-0.8 ,-0.000430509899946 ,-0.00129152969984 ,-0.00242479929942 
-0.2 ,-0.2 ,-0.8 ,-0.000541721100358 ,-0.000541721100358 ,-0.003211780051 
-0.2 ,0.0 ,-0.8 ,-0.000541721100358 ,0.000541721100358 ,-0.003211780051 
-0.2 ,0.2 ,-0.8 ,-0.000430509899946 ,0.00129152969984 ,-0.00242479929942 
-0.2 ,0.4 ,-0.8 ,-0.000287262744 ,0.00143631372 ,-0.00144767500454 
-0.2 ,0.6 ,-0.8 ,-0.00017325417143 ,0.00121277920001 ,-0.000719074882552 
-0.2 ,0.8 ,-0.8 ,-0.000100339318616 ,0.000903053867542 ,-0.000297505522557 
0.0 ,-1.0 ,-0.8 ,0.000100339318616 ,-0.000903053867542 ,-0.000297505522557 
0.0 ,-0.8 ,-0.8 ,0.00017325417143 ,-0.00121277920001 ,-0.000719074882552 
0.0 ,-0.6 ,-0.8 ,0.000287262744 ,-0.00143631372 ,-0.00144767500454 
0.0 ,-0.4 ,-0.8 ,0.000430509899946 ,-0.00129152969984 ,-0.00242479929942 
0.0 ,-0.2 ,-0.8 ,0.000541721100358 ,-0.000541721100358 ,-0.003211780051 
0.0 ,0.0 ,-0.8 ,0.000541721100358 ,0.000541721100358 ,-0.003211780051 
0.0 ,0.2 ,-0.8 ,0.000430509899946 ,0.00129152969984 ,-0.00242479929942 
0.0 ,0.4 ,-0.8 ,0.000287262744 ,0.00143631372 ,-0.00144767500454 
0.0 ,0.6 ,-0.8 ,0.00017325417143 ,0.00121277920001 ,-0.000719074882552 
0.0 ,0.8 ,-0.8 ,0.000100339318616 ,0.000903053867542 ,-0.000297505522557 
0.2 ,-1.0 ,-0.8 ,0.000267044085491 ,-0.000801132256472 ,-0.000237549519667 
0.2 ,-0.8 ,-0.8 ,0.000448200140399 ,-0.0010458003276 ,-0.000575794091147 
0.2 ,-0.6 ,-0.8 ,0.000719724730864 ,-0.00119954121811 ,-0.00113792230695 
0.2 ,-0.4 ,-0.8 ,0.00104642045967 ,-0.00104642045967 ,-0.00186121913762 
0.2 ,-0.2 ,-0.8 ,0.00129152969984 ,-0.000430509899946 ,-0.00242479929942 
0.2 ,0.0 ,-0.8 ,0.00129152969984 ,0.000430509899946 ,-0.00242479929942 
0.2 ,0.2 ,-0.8 ,0.00104642045967 ,0.00104642045967 ,-0.00186121913762 
0.2 ,0.4 ,-0.8 ,0.000719724730864 ,0.00119954121811 ,-0.00113792230695 
0.2 ,0.6 ,-0.8 ,0.000448200140399 ,0.0010458003276 ,-0.000575794091147 
0.2 ,0.8 ,-0.8 ,0.000267044085491 ,0.000801132256472 ,-0.000237549519667 
0.4 ,-1.0 ,-0.8 ,0.000355906700898 ,-0.000640632061617 ,-0.00014777156799 
0.4 ,-0.8 ,-0.8 ,0.00056894029512 ,-0.000796516413169 ,-0.000371101348736 
0.4 ,-0.6 ,-0.8 ,0.00086627085715 ,-0.00086627085715 ,-0.000719074882552 
0.4 ,-0.4 ,-0.8 ,0.00119954121811 ,-0.000719724730864 ,-0.00113792230695 
0.4 ,-0.2 ,-0.8 ,0.00143631372 ,-0.000287262744 ,-0.00144767500454 
0.4 ,0.0 ,-0.8 ,0.00143631372 ,0.000287262744 ,-0.00144767500454 
0.4 ,0.2 ,-0.8 ,0.00119954121811 ,0.000719724730864 ,-0.00113792230695 
0.4 ,0.4 ,-0.8 ,0.00086627085715 ,0.00086627085715 ,-0.000719074882552 
0.4 ,0.6 ,-0.8 ,0.00056894029512 ,0.000796516413169 ,-0.000371101348736 
0.4 ,0.8 ,-0.8 ,0.000355906700898 ,0.000640632061617 ,-0.00014777156799 
0.6 ,-1.0 ,-0.8 ,0.000368451256729 ,-0.000473723044366 ,-6.24791900183e-05 
0.6 ,-0.8 ,-0.8 ,0.000555811251969 ,-0.000555811251969 ,-0.000188365988637 
0.6 ,-0.6 ,-0.8 ,0.000796516413169 ,-0.00056894029512 ,-0.000371101348736 
0.6 ,-0.4 ,-0.8 ,0.0010458003276 ,-0.000448200140399 ,-0.000575794091147 
0.6 ,-0.2 ,-0.8 ,0.00121277920001 ,-0.00017325417143 ,-0.000719074882552 
0.6 ,0.0 ,-0.8 ,0.00121277920001 ,0.00017325417143 ,-0.000719074882552 
0.6 ,0.2 ,-0.8 ,0.0010458003276 ,0.000448200140399 ,-0.000575794091147 
0.6 ,0.4 ,-0.8 ,0.000796516413169 ,0.00056894029512 ,-0.000371101348736 
0.6 ,0.6 ,-0.8 ,0.000555811251969 ,0.000555811251969 ,-0.000188365988637 
0.6 ,0.8 ,-0.8 ,0.000368451256729 ,0.000473723044366 ,-6.24791900183e-05 
0.8 ,-1.0 ,-0.8 ,0.000332834749379 ,-0.000332834749379 ,-6.39220134015e-08 
0.8 ,-0.8 ,-0.8 ,0.000473723044366 ,-0.000368451256729 ,-6.24791900183e-05 
0.8 ,-0.6 ,-0.8 ,0.000640632061617 ,-0.000355906700898 ,-0.00014777156799 
0.8 ,-0.4 ,-0.8 ,0.000801132256472 ,-0.000267044085491 ,-0.000237549519667 
0.8 ,-0.2 ,-0.8 ,0.000903053867542 ,-0.000100339318616 ,-0.000297505522557 
0.8 ,0.0 ,-0.8 ,0.000903053867542 ,0.000100339318616 ,-0.000297505522557 
0.8 ,0.2 ,-0.8 ,0.000801132256472 ,0.000267044085491 ,-0.000237549519667 
0.8 ,0.4 ,-0.8 ,0.000640632061617 ,0.000355906700898 ,-0.00014777156799 
0.8 ,0.6 ,-0.8 ,0.000473723044366 ,0.000368451256729 ,-6.24791900183e-05 
0.8 ,0.8 ,-0.8 ,0.000332834749379 ,0.000332834749379 ,-6.39220134042e-08 
1.0 ,-1.0 ,-0.8 ,0.000277930929269 ,-0.000227398033039 ,3.73903072719e-05 
1.0 ,-0.8 ,-0.8 ,0.000375156509673 ,-0.000238735960701 ,1.00469469197e-05 
1.0 ,-0.6 ,-0.8 ,0.000482307605133 ,-0.000219230729606 ,-2.60605964742e-05 
1.0 ,-0.4 ,-0.8 ,0.000578994832003 ,-0.000157907681455 ,-6.24791900183e-05 
1.0 ,-0.2 ,-0.8 ,0.000637728314311 ,-5.7975301301e-05 ,-8.59965971829e-05 
1.0 ,0.0 ,-0.8 ,0.000637728314311 ,5.7975301301e-05 ,-8.59965971829e-05 
1.0 ,0.2 ,-0.8 ,0.000578994832003 ,0.000157907681455 ,-6.24791900183e-05 
1.0 ,0.4 ,-0.8 ,0.000482307605133 ,0.000219230729606 ,-2.60605964743e-05 
1.0 ,0.6 ,-0.8 ,0.000375156509673 ,0.000238735960701 ,1.00469469197e-05 
1.0 ,0.8 ,-0.8 ,0.000277930929269 ,0.000227398033039 ,3.73903072719e-05 
1.2 ,-1.0 ,-0.8 ,0.000222017720824 ,-0.000153704575955 ,5.56358462287e-05 
1.2 ,-0.8 ,-0.8 ,0.000286271104136 ,-0.00015414597915 ,4.56373664041e-05 
1.2 ,-0.6 ,-0.8 ,0.000352874853838 ,-0.00013572109763 ,3.21259586896e-05 
1.2 ,-0.4 ,-0.8 ,0.000409920825863 ,-9.45971136606e-05 ,1.86325491821e-05 
1.2 ,-0.2 ,-0.8 ,0.000443366784159 ,-3.4105137243e-05 ,1.00469469197e-05 
1.2 ,0.0 ,-0.8 ,0.000443366784159 ,3.4105137243e-05 ,1.00469469197e-05 
1.2 ,0.2 ,-0.8 ,0.000409920825863 ,9.45971136606e-05 ,1.86325491821e-05 
1.2 ,0.4 ,-0.8 ,0.000352874853838 ,0.00013572109763 ,3.21259586896e-05 
1.2 ,0.6 ,-0.8 ,0.000286271104136 ,0.00015414597915 ,4.56373664041e-05 
1.2 ,0.8 ,-0.8 ,0.000222017720824 ,0.000153704575955 ,5.56358462287e-05 
1.4 ,-1.0 ,-0.8 ,0.000173312132339 ,-0.000103987279404 ,6.16047746742e-05 
1.4 ,-0.8 ,-0.8 ,0.000215047965005 ,-0.000100355717002 ,5.94480666023e-05 
1.4 ,-0.6 ,-0.8 ,0.000256174293259 ,-8.53914310862e-05 ,5.56358462287e-05 
1.4 ,-0.4 ,-0.8 ,0.000289953457182 ,-5.79906914363e-05 ,5.15165971893e-05 
1.4 ,-0.2 ,-0.8 ,0.000309213292853 ,-2.06142195236e-05 ,4.88303570813e-05 
1.4 ,0.0 ,-0.8 ,0.000309213292853 ,2.06142195236e-05 ,4.88303570813e-05 
1.4 ,0.2 ,-0.8 ,0.000289953457182 ,5.79906914363e-05 ,5.15165971893e-05 
1.4 ,0.4 ,-0.8 ,0.000256174293259 ,8.53914310862e-05 ,5.56358462287e-05 
1.4 ,0.6 ,-0.8 ,0.000215047965005 ,0.000100355717002 ,5.94480666023e-05 
1.4 ,0.8 ,-0.8 ,0.000173312132339 ,0.000103987279404 ,6.16047746742e-05 
1.6 ,-1.0 ,-0.8 ,0.000133974326118 ,-7.09275844152e-05 ,6.07002992805e-05 
1.6 ,-0.8 ,-0.8 ,0.000161038083864 ,-6.63097992381e-05 ,6.17348907664e-05 
1.6 ,-0.6 ,-0.8 ,0.00018662561207 ,-5.4889885903e-05 ,6.17855785066e-05 
1.6 ,-0.4 ,-0.8 ,0.000206950289564 ,-3.65206393348e-05 ,6.13002595424e-05 
1.6 ,-0.2 ,-0.8 ,0.000218287704591 ,-1.28404532112e-05 ,6.08538003064e-05 
1.6 ,0.0 ,-0.8 ,0.000218287704591 ,1.28404532112e-05 ,6.08538003065e-05 
1.6 ,0.2 ,-0.8 ,0.000206950289564 ,3.65206393348e-05 ,6.13002595424e-05 
1.6 ,0.4 ,-0.8 ,0.00018662561207 ,5.4889885903e-05 ,6.17855785066e-05 
1.6 ,0.6 ,-0.8 ,0.000161038083864 ,6.63097992381e-05 ,6.17348907664e-05 
1.6 ,0.8 ,-0.8 ,0.000133974326118 ,7.09275844152e-05 ,6.07002992805e-05 
1.8 ,-1.0 ,-0.8 ,0.000103397779189 ,-4.89778954051e-05 ,5.64278274115e-05 
1.8 ,-0.8 ,-0.8 ,0.00012107730129 ,-4.46074267912e-05 ,5.8523468981e-05 
1.8 ,-0.6 ,-0.8 ,0.000137238188923 ,-3.61153128745e-05 ,5.99143213594e-05 
1.8 ,-0.4 ,-0.8 ,0.000149736011543 ,-2.36425281384e-05 ,6.07002992805e-05 
1.8 ,-0.2 ,-0.8 ,0.000156588008629 ,-8.24147413837e-06 ,6.10360084992e-05 
1.8 ,0.0 ,-0.8 ,0.000156588008629 ,8.24147413837e-06 ,6.10360084992e-05 
1.8 ,0.2 ,-0.8 ,0.000149736011543 ,2.36425281384e-05 ,6.07002992805e-05 
1.8 ,0.4 ,-0.8 ,0.000137238188923 ,3.61153128745e-05 ,5.99143213594e-05 
1.8 ,0.6 ,-0.8 ,0.00012107730129 ,4.46074267912e-05 ,5.8523468981e-05 
1.8 ,0.8 ,-0.8 ,0.000103397779189 ,4.89778954051e-05 ,5.64278274115e-05 
-1.0 ,-1.0 ,-0.6 ,-0.000368497610659 ,-0.000368497610659 ,0.000124701124391 
-1.0 ,-0.8 ,-0.6 ,-0.000555908413119 ,-0.000432373210204 ,9.39935530194e-05 
-1.0 ,-0.6 ,-0.6 ,-0.000796702107213 ,-0.000442612281785 ,3.35297351199e-05 
-1.0 ,-0.4 ,-0.6 ,-0.00104610349184 ,-0.000348701163947 ,-4.45431416863e-05 
-1.0 ,-0.2 ,-0.6 ,-0.00121317501449 ,-0.000134797223832 ,-0.000103015290355 
-1.0 ,0.0 ,-0.6 ,-0.00121317501449 ,0.000134797223832 ,-0.000103015290355 
-1.0 ,0.2 ,-0.6 ,-0.00104610349184 ,0.000348701163947 ,-4.45431416863e-05 
-1.0 ,0.4 ,-0.6 ,-0.000796702107213 ,0.000442612281785 ,3.35297351199e-05 
-1.0 ,0.6 ,-0.6 ,-0.000555908413119 ,0.000432373210204 ,9.39935530194e-05 
-1.0 ,0.8 ,-0.6 ,-0.000368497610659 ,0.000368497610659 ,0.000124701124391 
-0.8 ,-1.0 ,-0.6 ,-0.000432373210204 ,-0.000555908413119 ,9.39935530194e-05 
-0.8 ,-0.8 ,-0.6 ,-0.000707426796842 ,-0.000707426796842 ,-2.24598123593e-07 
-0.8 ,-0.6 ,-0.6 ,-0.00110454004766 ,-0.000788957176902 ,-0.000180708186826 
-0.8 ,-0.4 ,-0.6 ,-0.00156475108643 ,-0.000670607608471 ,-0.000426345732903 
-0.8 ,-0.2 ,-0.6 ,-0.00190014443521 ,-0.00027144920503 ,-0.000621163073596 
-0.8 ,0.0 ,-0.6 ,-0.00190014443521 ,0.00027144920503 ,-0.000621163073596 
-0.8 ,0.2 ,-0.6 ,-0.00156475108643 ,0.000670607608471 ,-0.000426345732903 
-0.8 ,0.4 ,-0.6 ,-0.00110454004766 ,0.000788957176902 ,-0.000180708186826 
-0.8 ,0.6 ,-0.6 ,-0.000707426796842 ,0.000707426796842 ,-2.245981236e-07 
-0.8 ,0.8 ,-0.6 ,-0.000432373210204 ,0.000555908413119 ,9.39935530194e-05 
-0.6 ,-1.0 ,-0.6 ,-0.000442612281785 ,-0.000796702107213 ,3.35297351199e-05 
-0.6 ,-0.8 ,-0.6 ,-0.000788957176902 ,-0.00110454004766 ,-0.000180708186826 
-0.6 ,-0.6 ,-0.6 ,-0.00135724602515 ,-0.00135724602515 ,-0.000621163073596 
-0.6 ,-0.4 ,-0.6 ,-0.00210840541672 ,-0.00126504325003 ,-0.00128631855473 
-0.6 ,-0.2 ,-0.6 ,-0.00271591752855 ,-0.00054318350571 ,-0.00186396454325 
-0.6 ,0.0 ,-0.6 ,-0.00271591752855 ,0.00054318350571 ,-0.00186396454325 
-0.6 ,0.2 ,-0.6 ,-0.00210840541672 ,0.00126504325003 ,-0.00128631855473 
-0.6 ,0.4 ,-0.6 ,-0.00135724602515 ,0.00135724602515 ,-0.000621163073596 
-0.6 ,0.6 ,-0.6 ,-0.000788957176902 ,0.00110454004766 ,-0.000180708186826 
-0.6 ,0.8 ,-0.6 ,-0.000442612281785 ,0.000796702107213 ,3.35297351199e-05 
-0.4 ,-1.0 ,-0.6 ,-0.000348701163947 ,-0.00104610349184 ,-4.45431416863e-05 
-0.4 ,-0.8 ,-0.6 ,-0.000670607608471 ,-0.00156475108643 ,-0.000426345732903 
-0.4 ,-0.6 ,-0.6 ,-0.00126504325003 ,-0.00210840541672 ,-0.00128631855473 
-0.4 ,-0.4 ,-0.6 ,-0.00215982375079 ,-0.00215982375079 ,-0.00274491566112 
-0.4 ,-0.2 ,-0.6 ,-0.00296688735663 ,-0.000988962452209 ,-0.00414759221857 
-0.4 ,0.0 ,-0.6 ,-0.00296688735663 ,0.000988962452209 ,-0.00414759221857 
-0.4 ,0.2 ,-0.6 ,-0.00215982375079 ,0.00215982375079 ,-0.00274491566112 
-0.4 ,0.4 ,-0.6 ,-0.00126504325003 ,0.00210840541672 ,-0.00128631855473 
-0.4 ,0.6 ,-0.6 ,-0.000670607608471 ,0.00156475108643 ,-0.000426345732903 
-0.4 ,0.8 ,-0.6 ,-0.000348701163947 ,0.00104610349184 ,-4.45431416863e-05 
-0.2 ,-1.0 ,-0.6 ,-0.000134797223832 ,-0.00121317501449 ,-0.000103015290355 
-0.2 ,-0.8 ,-0.6 ,-0.00027144920503 ,-0.00190014443521 ,-0.000621163073596 
-0.2 ,-0.6 ,-0.6 ,-0.00054318350571 ,-0.00271591752855 ,-0.00186396454325 
-0.2 ,-0.4 ,-0.6 ,-0.000988962452209 ,-0.00296688735663 ,-0.00414759221857 
-0.2 ,-0.2 ,-0.6 ,-0.00142268672055 ,-0.00142268672055 ,-0.00650899774478 
-0.2 ,0.0 ,-0.6 ,-0.00142268672055 ,0.00142268672055 ,-0.00650899774478 
-0.2 ,0.2 ,-0.6 ,-0.000988962452209 ,0.00296688735663 ,-0.00414759221857 
-0.2 ,0.4 ,-0.6 ,-0.00054318350571 ,0.00271591752855 ,-0.00186396454325 
-0.2 ,0.6 ,-0.6 ,-0.00027144920503 ,0.00190014443521 ,-0.000621163073596 
-0.2 ,0.8 ,-0.6 ,-0.000134797223832 ,0.00121317501449 ,-0.000103015290355 
0.0 ,-1.0 ,-0.6 ,0.000134797223832 ,-0.00121317501449 ,-0.000103015290355 
0.0 ,-0.8 ,-0.6 ,0.00027144920503 ,-0.00190014443521 ,-0.000621163073596 
0.0 ,-0.6 ,-0.6 ,0.00054318350571 ,-0.00271591752855 ,-0.00186396454325 
0.0 ,-0.4 ,-0.6 ,0.000988962452209 ,-0.00296688735663 ,-0.00414759221857 
0.0 ,-0.2 ,-0.6 ,0.00142268672055 ,-0.00142268672055 ,-0.00650899774478 
0.0 ,0.0 ,-0.6 ,0.00142268672055 ,0.00142268672055 ,-0.00650899774478 
0.0 ,0.2 ,-0.6 ,0.000988962452209 ,0.00296688735663 ,-0.00414759221857 
0.0 ,0.4 ,-0.6 ,0.00054318350571 ,0.00271591752855 ,-0.00186396454325 
0.0 ,0.6 ,-0.6 ,0.00027144920503 ,0.00190014443521 ,-0.000621163073596 
0.0 ,0.8 ,-0.6 ,0.000134797223832 ,0.00121317501449 ,-0.000103015290355 
0.2 ,-1.0 ,-0.6 ,0.000348701163947 ,-0.00104610349184 ,-4.45431416863e-05 
0.2 ,-0.8 ,-0.6 ,0.000670607608471 ,-0.00156475108643 ,-0.000426345732903 
0.2 ,-0.6 ,-0.6 ,0.00126504325003 ,-0.00210840541672 ,-0.00128631855473 
0.2 ,-0.4 ,-0.6 ,0.00215982375079 ,-0.00215982375079 ,-0.00274491566112 
0.2 ,-0.2 ,-0.6 ,0.00296688735663 ,-0.000988962452209 ,-0.00414759221857 
0.2 ,0.0 ,-0.6 ,0.00296688735663 ,0.000988962452209 ,-0.00414759221857 
0.2 ,0.2 ,-0.6 ,0.00215982375079 ,0.00215982375079 ,-0.00274491566112 
0.2 ,0.4 ,-0.6 ,0.00126504325003 ,0.00210840541672 ,-0.00128631855473 
0.2 ,0.6 ,-0.6 ,0.000670607608471 ,0.00156475108643 ,-0.000426345732903 
0.2 ,0.8 ,-0.6 ,0.000348701163947 ,0.00104610349184 ,-4.45431416863e-05 
0.4 ,-1.0 ,-0.6 ,0.000442612281785 ,-0.000796702107213 ,3.35297351199e-05 
0.4 ,-0.8 ,-0.6 ,0.000788957176902 ,-0.00110454004766 ,-0.000180708186826 
0.4 ,-0.6 ,-0.6 ,0.00135724602515 ,-0.00135724602515 ,-0.000621163073596 
0.4 ,-0.4 ,-0.6 ,0.00210840541672 ,-0.00126504325003 ,-0.00128631855473 
0.4 ,-0.2 ,-0.6 ,0.00271591752855 ,-0.00054318350571 ,-0.00186396454325 
0.4 ,0.0 ,-0.6 ,0.00271591752855 ,0.00054318350571 ,-0.00186396454325 
0.4 ,0.2 ,-0.6 ,0.00210840541672 ,0.00126504325003 ,-0.00128631855473 
0.4 ,0.4 ,-0.6 ,0.00135724602515 ,0.00135724602515 ,-0.000621163073596 
0.4 ,0.6 ,-0.6 ,0.000788957176902 ,0.00110454004766 ,-0.000180708186826 
0.4 ,0.8 ,-0.6 ,0.000442612281785 ,0.000796702107213 ,3.35297351199e-05 
0.6 ,-1.0 ,-0.6 ,0.000432373210204 ,-0.000555908413119 ,9.39935530194e-05 
0.6 ,-0.8 ,-0.6 ,0.000707426796842 ,-0.000707426796842 ,-2.24598123592e-07 
0.6 ,-0.6 ,-0.6 ,0.00110454004766 ,-0.000788957176902 ,-0.000180708186826 
0.6 ,-0.4 ,-0.6 ,0.00156475108643 ,-0.000670607608471 ,-0.000426345732903 
0.6 ,-0.2 ,-0.6 ,0.00190014443521 ,-0.00027144920503 ,-0.000621163073596 
0.6 ,0.0 ,-0.6 ,0.00190014443521 ,0.00027144920503 ,-0.000621163073596 
0.6 ,0.2 ,-0.6 ,0.00156475108643 ,0.000670607608471 ,-0.000426345732903 
0.6 ,0.4 ,-0.6 ,0.00110454004766 ,0.000788957176902 ,-0.000180708186826 
0.6 ,0.6 ,-0.6 ,0.000707426796842 ,0.000707426796842 ,-2.245981236e-07 
0.6 ,0.8 ,-0.6 ,0.000432373210204 ,0.000555908413119 ,9.39935530194e-05 
0.8 ,-1.0 ,-0.6 ,0.000368497610659 ,-0.000368497610659 ,0.000124701124391 
0.8 ,-0.8 ,-0.6 ,0.000555908413119 ,-0.000432373210204 ,9.39935530194e-05 
0.8 ,-0.6 ,-0.6 ,0.000796702107213 ,-0.000442612281785 ,3.35297351199e-05 
0.8 ,-0.4 ,-0.6 ,0.00104610349184 ,-0.000348701163947 ,-4.45431416863e-05 
0.8 ,-0.2 ,-0.6 ,0.00121317501449 ,-0.000134797223832 ,-0.000103015290355 
0.8 ,0.0 ,-0.6 ,0.00121317501449 ,0.000134797223832 ,-0.000103015290355 
0.8 ,0.2 ,-0.6 ,0.00104610349184 ,0.000348701163947 ,-4.45431416863e-05 
0.8 ,0.4 ,-0.6 ,0.000796702107213 ,0.000442612281785 ,3.35297351199e-05 
0.8 ,0.6 ,-0.6 ,0.000555908413119 ,0.000432373210204 ,9.39935530194e-05 
0.8 ,0.8 ,-0.6 ,0.000368497610659 ,0.000368497610659 ,0.000124701124391 
1.0 ,-1.0 ,-0.6 ,0.000291814337502 ,-0.000238757185229 ,0.000131329384111 
1.0 ,-0.8 ,-0.6 ,0.000410375159647 ,-0.000261147828866 ,0.00012783596689 
1.0 ,-0.6 ,-0.6 ,0.000548533095205 ,-0.000249333225093 ,0.000113879823801 
1.0 ,-0.4 ,-0.6 ,0.000679443616034 ,-0.000185302804373 ,9.39935530194e-05 
1.0 ,-0.2 ,-0.6 ,0.000761716047177 ,-6.92469133797e-05 ,7.89931505932e-05 
1.0 ,0.0 ,-0.6 ,0.000761716047177 ,6.92469133797e-05 ,7.89931505932e-05 
1.0 ,0.2 ,-0.6 ,0.000679443616034 ,0.000185302804373 ,9.39935530194e-05 
1.0 ,0.4 ,-0.6 ,0.000548533095205 ,0.000249333225093 ,0.000113879823801 
1.0 ,0.6 ,-0.6 ,0.000410375159647 ,0.000261147828866 ,0.00012783596689 
1.0 ,0.8 ,-0.6 ,0.000291814337502 ,0.000238757185229 ,0.000131329384111 
1.2 ,-1.0 ,-0.6 ,0.000222669252513 ,-0.000154155636355 ,0.000123945866017 
1.2 ,-0.8 ,-0.6 ,0.000295503439471 ,-0.000159117236638 ,0.000129849214538 
1.2 ,-0.6 ,-0.6 ,0.000373960927534 ,-0.000143831125975 ,0.000131447835483 
1.2 ,-0.4 ,-0.6 ,0.0004433814423 ,-0.000102318794377 ,0.000129862372106 
1.2 ,-0.2 ,-0.6 ,0.000484988825038 ,-3.73068326952e-05 ,0.00012783596689 
1.2 ,0.0 ,-0.6 ,0.000484988825038 ,3.73068326952e-05 ,0.00012783596689 
1.2 ,0.2 ,-0.6 ,0.0004433814423 ,0.000102318794377 ,0.000129862372106 
1.2 ,0.4 ,-0.6 ,0.000373960927534 ,0.000143831125975 ,0.000131447835483 
1.2 ,0.6 ,-0.6 ,0.000295503439471 ,0.000159117236638 ,0.000129849214538 
1.2 ,0.8 ,-0.6 ,0.000222669252513 ,0.000154155636355 ,0.000123945866017 
1.4 ,-1.0 ,-0.6 ,0.000167266961761 ,-0.000100360177056 ,0.000110429699873 
1.4 ,-0.8 ,-0.6 ,0.000211825231422 ,-9.88517746634e-05 ,0.000118327869722 
1.4 ,-0.6 ,-0.6 ,0.000256926060592 ,-8.56420201972e-05 ,0.000123945866017 
1.4 ,-0.4 ,-0.6 ,0.000294795842939 ,-5.89591685878e-05 ,0.000127240756091 
1.4 ,-0.2 ,-0.6 ,0.000316706015489 ,-2.11137343659e-05 ,0.000128654116532 
1.4 ,0.0 ,-0.6 ,0.000316706015489 ,2.11137343659e-05 ,0.000128654116532 
1.4 ,0.2 ,-0.6 ,0.000294795842939 ,5.89591685878e-05 ,0.000127240756091 
1.4 ,0.4 ,-0.6 ,0.000256926060592 ,8.56420201972e-05 ,0.000123945866017 
1.4 ,0.6 ,-0.6 ,0.000211825231422 ,9.88517746634e-05 ,0.000118327869722 
1.4 ,0.8 ,-0.6 ,0.000167266961761 ,0.000100360177056 ,0.000110429699873 
1.6 ,-1.0 ,-0.6 ,0.000125255838806 ,-6.63119146622e-05 ,9.54204424573e-05 
1.6 ,-0.8 ,-0.6 ,0.000152777148267 ,-6.29082375215e-05 ,0.000102691778468 
1.6 ,-0.6 ,-0.6 ,0.000179296336952 ,-5.27342167505e-05 ,0.000108463360104 
1.6 ,-0.4 ,-0.6 ,0.000200685393059 ,-3.54150693634e-05 ,0.000112407957591 
1.6 ,-0.2 ,-0.6 ,0.000212735977388 ,-1.25138810228e-05 ,0.00011439044212 
1.6 ,0.0 ,-0.6 ,0.000212735977388 ,1.25138810228e-05 ,0.00011439044212 
1.6 ,0.2 ,-0.6 ,0.000200685393059 ,3.54150693634e-05 ,0.000112407957591 
1.6 ,0.4 ,-0.6 ,0.000179296336952 ,5.27342167505e-05 ,0.000108463360104 
1.6 ,0.6 ,-0.6 ,0.000152777148267 ,6.29082375215e-05 ,0.000102691778468 
1.6 ,0.8 ,-0.6 ,0.000125255838806 ,6.63119146622e-05 ,9.54204424573e-05 
1.8 ,-1.0 ,-0.6 ,9.41734220811e-05 ,-4.46084630911e-05 ,8.11838646912e-05 
1.8 ,-0.8 ,-0.6 ,0.000111455823355 ,-4.10626717625e-05 ,8.71435543879e-05 
1.8 ,-0.6 ,-0.6 ,0.000127471544157 ,-3.35451431992e-05 ,9.19981516578e-05 
1.8 ,-0.4 ,-0.6 ,0.000139991819842 ,-2.21039715541e-05 ,9.54204424573e-05 
1.8 ,-0.2 ,-0.6 ,0.000146904074429 ,-7.73179339101e-06 ,9.71864478124e-05 
1.8 ,0.0 ,-0.6 ,0.000146904074429 ,7.73179339101e-06 ,9.71864478124e-05 
1.8 ,0.2 ,-0.6 ,0.000139991819842 ,2.21039715541e-05 ,9.54204424573e-05 
1.8 ,0.4 ,-0.6 ,0.000127471544157 ,3.35451431992e-05 ,9.19981516578e-05 
1.8 ,0.6 ,-0.6 ,0.000111455823355 ,4.10626717625e-05 ,8.71435543879e-05 
1.8 ,0.8 ,-0.6 ,9.41734220811e-05 ,4.46084630911e-05 ,8.11838646912e-05 
-1.0 ,-1.0 ,-0.4 ,-0.000356006473671 ,-0.000356006473671 ,0.000295256772861 
-1.0 ,-0.8 ,-0.4 ,-0.000569172450948 ,-0.000442689684071 ,0.000337126882685 
-1.0 ,-0.6 ,-0.4 ,-0.00086676573946 ,-0.000481536521922 ,0.000359293367743 
-1.0 ,-0.4 ,-0.4 ,-0.00120043046003 ,-0.000400143486676 ,0.000355319645774 
-1.0 ,-0.2 ,-0.4 ,-0.0014375436672 ,-0.000159727074134 ,0.000340307189049 
-1.0 ,0.0 ,-0.4 ,-0.0014375436672 ,0.000159727074134 ,0.000340307189049 
-1.0 ,0.2 ,-0.4 ,-0.00120043046003 ,0.000400143486676 ,0.000355319645774 
-1.0 ,0.4 ,-0.4 ,-0.00086676573946 ,0.000481536521922 ,0.000359293367743 
-1.0 ,0.6 ,-0.4 ,-0.000569172450948 ,0.000442689684071 ,0.000337126882685 
-1.0 ,0.8 ,-0.4 ,-0.000356006473671 ,0.000356006473671 ,0.000295256772861 
-0.8 ,-1.0 ,-0.4 ,-0.000442689684071 ,-0.000569172450948 ,0.000337126882685 
-0.8 ,-0.8 ,-0.4 ,-0.000789176282238 ,-0.000789176282238 ,0.000360464410269 
-0.8 ,-0.6 ,-0.4 ,-0.00135782786758 ,-0.00096987704827 ,0.0003098093581 
-0.8 ,-0.4 ,-0.4 ,-0.00210969132633 ,-0.000904153425571 ,0.000159832891497 
-0.8 ,-0.2 ,-0.4 ,-0.00271794613075 ,-0.000388278018679 ,-1.20816781141e-06 
-0.8 ,0.0 ,-0.4 ,-0.00271794613075 ,0.000388278018679 ,-1.20816781141e-06 
-0.8 ,0.2 ,-0.4 ,-0.00210969132633 ,0.000904153425571 ,0.000159832891497 
-0.8 ,0.4 ,-0.4 ,-0.00135782786758 ,0.00096987704827 ,0.0003098093581 
-0.8 ,0.6 ,-0.4 ,-0.000789176282238 ,0.000789176282238 ,0.000360464410269 
-0.8 ,0.8 ,-0.4 ,-0.000442689684071 ,0.000569172450948 ,0.000337126882685 
-0.6 ,-1.0 ,-0.4 ,-0.000481536521922 ,-0.00086676573946 ,0.000359293367743 
-0.6 ,-0.8 ,-0.4 ,-0.00096987704827 ,-0.00135782786758 ,0.0003098093581 
-0.6 ,-0.6 ,-0.4 ,-0.0019413900934 ,-0.0019413900934 ,-1.20816781139e-06 
-0.6 ,-0.4 ,-0.4 ,-0.00353627126787 ,-0.00212176276072 ,-0.000756818448958 
-0.6 ,-0.2 ,-0.4 ,-0.00508922924842 ,-0.00101784584968 ,-0.00163225294938 
-0.6 ,0.0 ,-0.4 ,-0.00508922924842 ,0.00101784584968 ,-0.00163225294938 
-0.6 ,0.2 ,-0.4 ,-0.00353627126787 ,0.00212176276072 ,-0.000756818448958 
-0.6 ,0.4 ,-0.4 ,-0.0019413900934 ,0.0019413900934 ,-1.20816781141e-06 
-0.6 ,0.6 ,-0.4 ,-0.00096987704827 ,0.00135782786758 ,0.0003098093581 
-0.6 ,0.8 ,-0.4 ,-0.000481536521922 ,0.00086676573946 ,0.000359293367743 
-0.4 ,-1.0 ,-0.4 ,-0.000400143486676 ,-0.00120043046003 ,0.000355319645774 
-0.4 ,-0.8 ,-0.4 ,-0.000904153425571 ,-0.00210969132633 ,0.000159832891497 
-0.4 ,-0.6 ,-0.4 ,-0.00212176276072 ,-0.00353627126787 ,-0.000756818448958 
-0.4 ,-0.4 ,-0.4 ,-0.00467605067213 ,-0.00467605067213 ,-0.00333133094254 
-0.4 ,-0.2 ,-0.4 ,-0.00781681729733 ,-0.00260560576578 ,-0.00695969920265 
-0.4 ,0.0 ,-0.4 ,-0.00781681729733 ,0.00260560576578 ,-0.00695969920265 
-0.4 ,0.2 ,-0.4 ,-0.00467605067213 ,0.00467605067213 ,-0.00333133094254 
-0.4 ,0.4 ,-0.4 ,-0.00212176276072 ,0.00353627126787 ,-0.000756818448958 
-0.4 ,0.6 ,-0.4 ,-0.000904153425571 ,0.00210969132633 ,0.000159832891497 
-0.4 ,0.8 ,-0.4 ,-0.000400143486676 ,0.00120043046003 ,0.000355319645774 
-0.2 ,-1.0 ,-0.4 ,-0.000159727074134 ,-0.0014375436672 ,0.000340307189049 
-0.2 ,-0.8 ,-0.4 ,-0.000388278018679 ,-0.00271794613075 ,-1.20816781141e-06 
-0.2 ,-0.6 ,-0.4 ,-0.00101784584968 ,-0.00508922924842 ,-0.00163225294938 
-0.2 ,-0.4 ,-0.4 ,-0.00260560576578 ,-0.00781681729733 ,-0.00695969920265 
-0.2 ,-0.2 ,-0.4 ,-0.00497611917322 ,-0.00497611917322 ,-0.0159488936853 
-0.2 ,0.0 ,-0.4 ,-0.00497611917322 ,0.00497611917322 ,-0.0159488936853 
-0.2 ,0.2 ,-0.4 ,-0.00260560576578 ,0.00781681729733 ,-0.00695969920265 
-0.2 ,0.4 ,-0.4 ,-0.00101784584968 ,0.00508922924842 ,-0.00163225294938 
-0.2 ,0.6 ,-0.4 ,-0.000388278018679 ,0.00271794613075 ,-1.20816781142e-06 
-0.2 ,0.8 ,-0.4 ,-0.000159727074134 ,0.0014375436672 ,0.000340307189049 
0.0 ,-1.0 ,-0.4 ,0.000159727074134 ,-0.0014375436672 ,0.000340307189049 
0.0 ,-0.8 ,-0.4 ,0.000388278018679 ,-0.00271794613075 ,-1.2081678114e-06 
0.0 ,-0.6 ,-0.4 ,0.00101784584968 ,-0.00508922924842 ,-0.00163225294938 
0.0 ,-0.4 ,-0.4 ,0.00260560576578 ,-0.00781681729733 ,-0.00695969920265 
0.0 ,-0.2 ,-0.4 ,0.00497611917322 ,-0.00497611917322 ,-0.0159488936853 
0.0 ,0.0 ,-0.4 ,0.00497611917322 ,0.00497611917322 ,-0.0159488936853 
0.0 ,0.2 ,-0.4 ,0.00260560576578 ,0.00781681729733 ,-0.00695969920265 
0.0 ,0.4 ,-0.4 ,0.00101784584968 ,0.00508922924842 ,-0.00163225294938 
0.0 ,0.6 ,-0.4 ,0.000388278018679 ,0.00271794613075 ,-1.20816781143e-06 
0.0 ,0.8 ,-0.4 ,0.000159727074134 ,0.0014375436672 ,0.000340307189049 
0.2 ,-1.0 ,-0.4 ,0.000400143486676 ,-0.00120043046003 ,0.000355319645774 
0.2 ,-0.8 ,-0.4 ,0.000904153425571 ,-0.00210969132633 ,0.000159832891497 
0.2 ,-0.6 ,-0.4 ,0.00212176276072 ,-0.00353627126787 ,-0.000756818448958 
0.2 ,-0.4 ,-0.4 ,0.00467605067213 ,-0.00467605067213 ,-0.00333133094254 
0.2 ,-0.2 ,-0.4 ,0.00781681729733 ,-0.00260560576578 ,-0.00695969920265 
0.2 ,0.0 ,-0.4 ,0.00781681729733 ,0.00260560576578 ,-0.00695969920265 
0.2 ,0.2 ,-0.4 ,0.00467605067213 ,0.00467605067213 ,-0.00333133094254 
0.2 ,0.4 ,-0.4 ,0.00212176276072 ,0.00353627126787 ,-0.000756818448958 
0.2 ,0.6 ,-0.4 ,0.000904153425571 ,0.00210969132633 ,0.000159832891497 
0.2 ,0.8 ,-0.4 ,0.000400143486676 ,0.00120043046003 ,0.000355319645774 
0.4 ,-1.0 ,-0.4 ,0.000481536521922 ,-0.00086676573946 ,0.000359293367743 
0.4 ,-0.8 ,-0.4 ,0.00096987704827 ,-0.00135782786758 ,0.0003098093581 
0.4 ,-0.6 ,-0.4 ,0.0019413900934 ,-0.0019413900934 ,-1.2081678114e-06 
0.4 ,-0.4 ,-0.4 ,0.00353627126787 ,-0.00212176276072 ,-0.000756818448958 
0.4 ,-0.2 ,-0.4 ,0.00508922924842 ,-0.00101784584968 ,-0.00163225294938 
0.4 ,0.0 ,-0.4 ,0.00508922924842 ,0.00101784584968 ,-0.00163225294938 
0.4 ,0.2 ,-0.4 ,0.00353627126787 ,0.00212176276072 ,-0.000756818448958 
0.4 ,0.4 ,-0.4 ,0.0019413900934 ,0.0019413900934 ,-1.20816781142e-06 
0.4 ,0.6 ,-0.4 ,0.00096987704827 ,0.00135782786758 ,0.0003098093581 
0.4 ,0.8 ,-0.4 ,0.000481536521922 ,0.00086676573946 ,0.000359293367743 
0.6 ,-1.0 ,-0.4 ,0.000442689684071 ,-0.000569172450948 ,0.000337126882685 
0.6 ,-0.8 ,-0.4 ,0.000789176282238 ,-0.000789176282238 ,0.000360464410269 
0.6 ,-0.6 ,-0.4 ,0.00135782786758 ,-0.00096987704827 ,0.0003098093581 
0.6 ,-0.4 ,-0.4 ,0.00210969132633 ,-0.000904153425571 ,0.000159832891497 
0.6 ,-0.2 ,-0.4 ,0.00271794613075 ,-0.000388278018679 ,-1.20816781142e-06 
0.6 ,0.0 ,-0.4 ,0.00271794613075 ,0.000388278018679 ,-1.20816781143e-06 
0.6 ,0.2 ,-0.4 ,0.00210969132633 ,0.000904153425571 ,0.000159832891497 
0.6 ,0.4 ,-0.4 ,0.00135782786758 ,0.00096987704827 ,0.0003098093581 
0.6 ,0.6 ,-0.4 ,0.000789176282238 ,0.000789176282238 ,0.000360464410269 
0.6 ,0.8 ,-0.4 ,0.000442689684071 ,0.000569172450948 ,0.000337126882685 
0.8 ,-1.0 ,-0.4 ,0.000356006473671 ,-0.000356006473671 ,0.000295256772861 
0.8 ,-0.8 ,-0.4 ,0.000569172450948 ,-0.000442689684071 ,0.000337126882685 
0.8 ,-0.6 ,-0.4 ,0.00086676573946 ,-0.000481536521922 ,0.000359293367743 
0.8 ,-0.4 ,-0.4 ,0.00120043046003 ,-0.000400143486676 ,0.000355319645774 
0.8 ,-0.2 ,-0.4 ,0.0014375436672 ,-0.000159727074134 ,0.000340307189049 
0.8 ,0.0 ,-0.4 ,0.0014375436672 ,0.000159727074134 ,0.000340307189049 
0.8 ,0.2 ,-0.4 ,0.00120043046003 ,0.000400143486676 ,0.000355319645774 
0.8 ,0.4 ,-0.4 ,0.00086676573946 ,0.000481536521922 ,0.000359293367743 
0.8 ,0.6 ,-0.4 ,0.000569172450948 ,0.000442689684071 ,0.000337126882685 
0.8 ,0.8 ,-0.4 ,0.000356006473671 ,0.000356006473671 ,0.000295256772861 
1.0 ,-1.0 ,-0.4 ,0.000267999642674 ,-0.000219272434915 ,0.00024682684523 
1.0 ,-0.8 ,-0.4 ,0.000391852643 ,-0.000249360772818 ,0.000284897265902 
1.0 ,-0.6 ,-0.4 ,0.000544161064174 ,-0.000247345938261 ,0.000316479746477 
1.0 ,-0.4 ,-0.4 ,0.000695655217825 ,-0.000189724150316 ,0.000337126882685 
1.0 ,-0.2 ,-0.4 ,0.00079420487344 ,-7.220044304e-05 ,0.000346376780866 
1.0 ,0.0 ,-0.4 ,0.00079420487344 ,7.220044304e-05 ,0.000346376780866 
1.0 ,0.2 ,-0.4 ,0.000695655217825 ,0.000189724150316 ,0.000337126882685 
1.0 ,0.4 ,-0.4 ,0.000544161064174 ,0.000247345938261 ,0.000316479746477 
1.0 ,0.6 ,-0.4 ,0.000391852643 ,0.000249360772818 ,0.000284897265902 
1.0 ,0.8 ,-0.4 ,0.000267999642674 ,0.000219272434915 ,0.00024682684523 
1.2 ,-1.0 ,-0.4 ,0.000196066995678 ,-0.000135738689316 ,0.000201059618703 
1.2 ,-0.8 ,-0.4 ,0.000267133952117 ,-0.000143841358832 ,0.000230098027524 
1.2 ,-0.6 ,-0.4 ,0.000346450933854 ,-0.000133250359175 ,0.00025577724542 
1.2 ,-0.4 ,-0.4 ,0.000418810112617 ,-9.6648487527e-05 ,0.000274833591741 
1.2 ,-0.2 ,-0.4 ,0.000463098578091 ,-3.56229675455e-05 ,0.000284897265902 
1.2 ,0.0 ,-0.4 ,0.000463098578091 ,3.56229675455e-05 ,0.000284897265902 
1.2 ,0.2 ,-0.4 ,0.000418810112617 ,9.6648487527e-05 ,0.000274833591741 
1.2 ,0.4 ,-0.4 ,0.000346450933854 ,0.000133250359175 ,0.00025577724542 
1.2 ,0.6 ,-0.4 ,0.000267133952117 ,0.000143841358832 ,0.000230098027524 
1.2 ,0.8 ,-0.4 ,0.000196066995678 ,0.000135738689316 ,0.000201059618703 
1.4 ,-1.0 ,-0.4 ,0.000142331784449 ,-8.53990706691e-05 ,0.000161920574252 
1.4 ,-0.8 ,-0.4 ,0.000183527238104 ,-8.56460444485e-05 ,0.000182683680182 
1.4 ,-0.6 ,-0.4 ,0.00022623114886 ,-7.54103829532e-05 ,0.000201059618703 
1.4 ,-0.4 ,-0.4 ,0.000262808157959 ,-5.25616315918e-05 ,0.000214877991362 
1.4 ,-0.2 ,-0.4 ,0.000284253697572 ,-1.89502465048e-05 ,0.000222305364991 
1.4 ,0.0 ,-0.4 ,0.000284253697572 ,1.89502465048e-05 ,0.000222305364991 
1.4 ,0.2 ,-0.4 ,0.000262808157959 ,5.25616315918e-05 ,0.000214877991362 
1.4 ,0.4 ,-0.4 ,0.00022623114886 ,7.54103829532e-05 ,0.000201059618703 
1.4 ,0.6 ,-0.4 ,0.000183527238104 ,8.56460444485e-05 ,0.000182683680182 
1.4 ,0.8 ,-0.4 ,0.000142331784449 ,8.53990706691e-05 ,0.000161920574252 
1.6 ,-1.0 ,-0.4 ,0.000103687408936 ,-5.48933341428e-05 ,0.000130104047153 
1.6 ,-0.8 ,-0.4 ,0.0001280728949 ,-5.27358978999e-05 ,0.000144630236863 
1.6 ,-0.6 ,-0.4 ,0.000151959824065 ,-4.46940659014e-05 ,0.000157303036381 
1.6 ,-0.4 ,-0.4 ,0.000171484472874 ,-3.02619658013e-05 ,0.000166754278079 
1.6 ,-0.2 ,-0.4 ,0.000182581322488 ,-1.07400777934e-05 ,0.000171816922435 
1.6 ,0.0 ,-0.4 ,0.000182581322488 ,1.07400777934e-05 ,0.000171816922435 
1.6 ,0.2 ,-0.4 ,0.000171484472874 ,3.02619658013e-05 ,0.000166754278079 
1.6 ,0.4 ,-0.4 ,0.000151959824065 ,4.46940659014e-05 ,0.000157303036381 
1.6 ,0.6 ,-0.4 ,0.0001280728949 ,5.27358978999e-05 ,0.000144630236863 
1.6 ,0.8 ,-0.4 ,0.000103687408936 ,5.48933341428e-05 ,0.000130104047153 
1.8 ,-1.0 ,-0.4 ,7.62468648474e-05 ,-3.61169359804e-05 ,0.000104864138506 
1.8 ,-0.8 ,-0.4 ,9.10531242309e-05 ,-3.35458878746e-05 ,0.000115003969871 
1.8 ,-0.6 ,-0.4 ,0.000104934091139 ,-2.76142345104e-05 ,0.000123699604814 
1.8 ,-0.4 ,-0.4 ,0.000115885927635 ,-1.82977780476e-05 ,0.000130104047153 
1.8 ,-0.2 ,-0.4 ,0.000121968371163 ,-6.41938795593e-06 ,0.000133509048035 
1.8 ,0.0 ,-0.4 ,0.000121968371163 ,6.41938795593e-06 ,0.000133509048035 
1.8 ,0.2 ,-0.4 ,0.000115885927635 ,1.82977780476e-05 ,0.000130104047153 
1.8 ,0.4 ,-0.4 ,0.000104934091139 ,2.76142345104e-05 ,0.000123699604814 
1.8 ,0.6 ,-0.4 ,9.10531242309e-05 ,3.35458878746e-05 ,0.000115003969871 
1.8 ,0.8 ,-0.4 ,7.62468648474e-05 ,3.61169359804e-05 ,0.000104864138506 
-1.0 ,-1.0 ,-0.2 ,-0.000267159203099 ,-0.000267159203099 ,0.000474842060657 
-1.0 ,-0.8 ,-0.2 ,-0.000448492577259 ,-0.000348827560091 ,0.000619953837344 
-1.0 ,-0.6 ,-0.2 ,-0.000720410854506 ,-0.000400228252503 ,0.000782366933793 
-1.0 ,-0.4 ,-0.2 ,-0.00104776664702 ,-0.000349255549005 ,0.000930901223129 
-1.0 ,-0.2 ,-0.2 ,-0.00129349629387 ,-0.00014372181043 ,0.00102146365542 
-1.0 ,0.0 ,-0.2 ,-0.00129349629387 ,0.00014372181043 ,0.00102146365542 
-1.0 ,0.2 ,-0.2 ,-0.00104776664702 ,0.000349255549005 ,0.000930901223129 
-1.0 ,0.4 ,-0.2 ,-0.000720410854506 ,0.000400228252503 ,0.000782366933793 
-1.0 ,0.6 ,-0.2 ,-0.000448492577259 ,0.000348827560091 ,0.000619953837344 
-1.0 ,0.8 ,-0.2 ,-0.000267159203099 ,0.000267159203099 ,0.000474842060657 
-0.8 ,-1.0 ,-0.2 ,-0.000348827560091 ,-0.000448492577259 ,0.000619953837344 
-0.8 ,-0.8 ,-0.2 ,-0.000671017874593 ,-0.000671017874593 ,0.00085172182717 
-0.8 ,-0.6 ,-0.2 ,-0.0012663296528 ,-0.00090452118057 ,0.0011249142705 
-0.8 ,-0.4 ,-0.2 ,-0.00216319473448 ,-0.000927083457632 ,0.00137219604852 
-0.8 ,-0.2 ,-0.2 ,-0.00297285940066 ,-0.000424694200094 ,0.00150824791442 
-0.8 ,0.0 ,-0.2 ,-0.00297285940066 ,0.000424694200094 ,0.00150824791442 
-0.8 ,0.2 ,-0.2 ,-0.00216319473448 ,0.000927083457632 ,0.00137219604852 
-0.8 ,0.4 ,-0.2 ,-0.0012663296528 ,0.00090452118057 ,0.0011249142705 
-0.8 ,0.6 ,-0.2 ,-0.000671017874593 ,0.000671017874593 ,0.00085172182717 
-0.8 ,0.8 ,-0.2 ,-0.000348827560091 ,0.000448492577259 ,0.000619953837344 
-0.6 ,-1.0 ,-0.2 ,-0.000400228252503 ,-0.000720410854506 ,0.000782366933793 
-0.6 ,-0.8 ,-0.2 ,-0.00090452118057 ,-0.0012663296528 ,0.0011249142705 
-0.6 ,-0.6 ,-0.2 ,-0.00212347100047 ,-0.00212347100047 ,0.00150824791442 
-0.6 ,-0.4 ,-0.2 ,-0.00468313938909 ,-0.00280988363345 ,0.00166090385247 
-0.6 ,-0.2 ,-0.2 ,-0.00783470458154 ,-0.00156694091631 ,0.00138537215931 
-0.6 ,0.0 ,-0.2 ,-0.00783470458154 ,0.00156694091631 ,0.00138537215931 
-0.6 ,0.2 ,-0.2 ,-0.00468313938909 ,0.00280988363345 ,0.00166090385247 
-0.6 ,0.4 ,-0.2 ,-0.00212347100047 ,0.00212347100047 ,0.00150824791442 
-0.6 ,0.6 ,-0.2 ,-0.00090452118057 ,0.0012663296528 ,0.0011249142705 
-0.6 ,0.8 ,-0.2 ,-0.000400228252503 ,0.000720410854506 ,0.000782366933793 
-0.4 ,-1.0 ,-0.2 ,-0.000349255549005 ,-0.00104776664702 ,0.000930901223129 
-0.4 ,-0.8 ,-0.2 ,-0.000927083457632 ,-0.00216319473448 ,0.00137219604852 
-0.4 ,-0.6 ,-0.2 ,-0.00280988363345 ,-0.00468313938909 ,0.00166090385247 
-0.4 ,-0.4 ,-0.2 ,-0.00899145455141 ,-0.00899145455141 ,-1.55476389402e-05 
-0.4 ,-0.2 ,-0.2 ,-0.0216224879246 ,-0.00720749597485 ,-0.00644967909968 
-0.4 ,0.0 ,-0.2 ,-0.0216224879246 ,0.00720749597485 ,-0.00644967909968 
-0.4 ,0.2 ,-0.2 ,-0.00899145455141 ,0.00899145455141 ,-1.55476389402e-05 
-0.4 ,0.4 ,-0.2 ,-0.00280988363345 ,0.00468313938909 ,0.00166090385247 
-0.4 ,0.6 ,-0.2 ,-0.000927083457632 ,0.00216319473448 ,0.00137219604852 
-0.4 ,0.8 ,-0.2 ,-0.000349255549005 ,0.00104776664702 ,0.000930901223129 
-0.2 ,-1.0 ,-0.2 ,-0.00014372181043 ,-0.00129349629387 ,0.00102146365542 
-0.2 ,-0.8 ,-0.2 ,-0.000424694200094 ,-0.00297285940066 ,0.00150824791442 
-0.2 ,-0.6 ,-0.2 ,-0.00156694091631 ,-0.00783470458154 ,0.00138537215931 
-0.2 ,-0.4 ,-0.2 ,-0.00720749597485 ,-0.0216224879246 ,-0.00644967909968 
-0.2 ,-0.2 ,-0.2 ,-0.0280980930924 ,-0.0280980930924 ,-0.0501736309851 
-0.2 ,0.0 ,-0.2 ,-0.0280980930924 ,0.0280980930924 ,-0.0501736309851 
-0.2 ,0.2 ,-0.2 ,-0.00720749597485 ,0.0216224879246 ,-0.00644967909968 
-0.2 ,0.4 ,-0.2 ,-0.00156694091631 ,0.00783470458154 ,0.00138537215931 
-0.2 ,0.6 ,-0.2 ,-0.000424694200094 ,0.00297285940066 ,0.00150824791442 
-0.2 ,0.8 ,-0.2 ,-0.00014372181043 ,0.00129349629387 ,0.00102146365542 
0.0 ,-1.0 ,-0.2 ,0.00014372181043 ,-0.00129349629387 ,0.00102146365542 
0.0 ,-0.8 ,-0.2 ,0.000424694200094 ,-0.00297285940066 ,0.00150824791442 
0.0 ,-0.6 ,-0.2 ,0.00156694091631 ,-0.00783470458154 ,0.00138537215931 
0.0 ,-0.4 ,-0.2 ,0.00720749597485 ,-0.0216224879246 ,-0.00644967909968 
0.0 ,-0.2 ,-0.2 ,0.0280980930924 ,-0.0280980930924 ,-0.0501736309851 
0.0 ,0.0 ,-0.2 ,0.0280980930924 ,0.0280980930924 ,-0.0501736309851 
0.0 ,0.2 ,-0.2 ,0.00720749597485 ,0.0216224879246 ,-0.00644967909968 
0.0 ,0.4 ,-0.2 ,0.00156694091631 ,0.00783470458154 ,0.00138537215931 
0.0 ,0.6 ,-0.2 ,0.000424694200094 ,0.00297285940066 ,0.00150824791442 
0.0 ,0.8 ,-0.2 ,0.00014372181043 ,0.00129349629387 ,0.00102146365542 
0.2 ,-1.0 ,-0.2 ,0.000349255549005 ,-0.00104776664702 ,0.000930901223129 
0.2 ,-0.8 ,-0.2 ,0.000927083457632 ,-0.00216319473448 ,0.00137219604852 
0.2 ,-0.6 ,-0.2 ,0.00280988363345 ,-0.00468313938909 ,0.00166090385247 
0.2 ,-0.4 ,-0.2 ,0.00899145455141 ,-0.00899145455141 ,-1.55476389402e-05 
0.2 ,-0.2 ,-0.2 ,0.0216224879246 ,-0.00720749597485 ,-0.00644967909968 
0.2 ,0.0 ,-0.2 ,0.0216224879246 ,0.00720749597485 ,-0.00644967909968 
0.2 ,0.2 ,-0.2 ,0.00899145455141 ,0.00899145455141 ,-1.55476389402e-05 
0.2 ,0.4 ,-0.2 ,0.00280988363345 ,0.00468313938909 ,0.00166090385247 
0.2 ,0.6 ,-0.2 ,0.000927083457632 ,0.00216319473448 ,0.00137219604852 
0.2 ,0.8 ,-0.2 ,0.000349255549005 ,0.00104776664702 ,0.000930901223129 
0.4 ,-1.0 ,-0.2 ,0.000400228252503 ,-0.000720410854506 ,0.000782366933793 
0.4 ,-0.8 ,-0.2 ,0.00090452118057 ,-0.0012663296528 ,0.0011249142705 
0.4 ,-0.6 ,-0.2 ,0.00212347100047 ,-0.00212347100047 ,0.00150824791442 
0.4 ,-0.4 ,-0.2 ,0.00468313938909 ,-0.00280988363345 ,0.00166090385247 
0.4 ,-0.2 ,-0.2 ,0.00783470458154 ,-0.00156694091631 ,0.00138537215931 
0.4 ,0.0 ,-0.2 ,0.00783470458154 ,0.00156694091631 ,0.00138537215931 
0.4 ,0.2 ,-0.2 ,0.00468313938909 ,0.00280988363345 ,0.00166090385247 
0.4 ,0.4 ,-0.2 ,0.00212347100047 ,0.00212347100047 ,0.00150824791442 
0.4 ,0.6 ,-0.2 ,0.00090452118057 ,0.0012663296528 ,0.0011249142705 
0.4 ,0.8 ,-0.2 ,0.000400228252503 ,0.000720410854506 ,0.000782366933793 
0.6 ,-1.0 ,-0.2 ,0.000348827560091 ,-0.000448492577259 ,0.000619953837344 
0.6 ,-0.8 ,-0.2 ,0.000671017874593 ,-0.000671017874593 ,0.00085172182717 
0.6 ,-0.6 ,-0.2 ,0.0012663296528 ,-0.00090452118057 ,0.0011249142705 
0.6 ,-0.4 ,-0.2 ,0.00216319473448 ,-0.000927083457632 ,0.00137219604852 
0.6 ,-0.2 ,-0.2 ,0.00297285940066 ,-0.000424694200094 ,0.00150824791442 
0.6 ,0.0 ,-0.2 ,0.00297285940066 ,0.000424694200094 ,0.00150824791442 
0.6 ,0.2 ,-0.2 ,0.00216319473448 ,0.000927083457632 ,0.00137219604852 
0.6 ,0.4 ,-0.2 ,0.0012663296528 ,0.00090452118057 ,0.0011249142705 
0.6 ,0.6 ,-0.2 ,0.000671017874593 ,0.000671017874593 ,0.00085172182717 
0.6 ,0.8 ,-0.2 ,0.000348827560091 ,0.000448492577259 ,0.000619953837344 
0.8 ,-1.0 ,-0.2 ,0.000267159203099 ,-0.000267159203099 ,0.000474842060657 
0.8 ,-0.8 ,-0.2 ,0.000448492577259 ,-0.000348827560091 ,0.000619953837344 
0.8 ,-0.6 ,-0.2 ,0.000720410854506 ,-0.000400228252503 ,0.000782366933793 
0.8 ,-0.4 ,-0.2 ,0.00104776664702 ,-0.000349255549005 ,0.000930901223129 
0.8 ,-0.2 ,-0.2 ,0.00129349629387 ,-0.00014372181043 ,0.00102146365542 
0.8 ,0.0 ,-0.2 ,0.00129349629387 ,0.00014372181043 ,0.00102146365542 
0.8 ,0.2 ,-0.2 ,0.00104776664702 ,0.000349255549005 ,0.000930901223129 
0.8 ,0.4 ,-0.2 ,0.000720410854506 ,0.000400228252503 ,0.000782366933793 
0.8 ,0.6 ,-0.2 ,0.000448492577259 ,0.000348827560091 ,0.000619953837344 
0.8 ,0.8 ,-0.2 ,0.000267159203099 ,0.000267159203099 ,0.000474842060657 
1.0 ,-1.0 ,-0.2 ,0.000193052916853 ,-0.000157952386516 ,0.000358742758635 
1.0 ,-0.8 ,-0.2 ,0.000291253762174 ,-0.000185343303202 ,0.000447081833466 
1.0 ,-0.6 ,-0.2 ,0.000417441796932 ,-0.000189746271333 ,0.000539583979127 
1.0 ,-0.4 ,-0.2 ,0.000548157594428 ,-0.000149497525753 ,0.000619953837344 
1.0 ,-0.2 ,-0.2 ,0.000635731970382 ,-5.77938154893e-05 ,0.000667624923991 
1.0 ,0.0 ,-0.2 ,0.000635731970382 ,5.77938154893e-05 ,0.000667624923991 
1.0 ,0.2 ,-0.2 ,0.000548157594428 ,0.000149497525753 ,0.000619953837344 
1.0 ,0.4 ,-0.2 ,0.000417441796932 ,0.000189746271333 ,0.000539583979127 
1.0 ,0.6 ,-0.2 ,0.000291253762174 ,0.000185343303202 ,0.000447081833466 
1.0 ,0.8 ,-0.2 ,0.000193052916853 ,0.000157952386516 ,0.000358742758635 
1.2 ,-1.0 ,-0.2 ,0.000136665947964 ,-9.46148870519e-05 ,0.000270958652482 
1.2 ,-0.8 ,-0.2 ,0.00019004643967 ,-0.000102332698284 ,0.000324813756752 
1.2 ,-0.6 ,-0.2 ,0.000251303147332 ,-9.66550566663e-05 ,0.000377959464723 
1.2 ,-0.4 ,-0.2 ,0.000308563657884 ,-7.12069979731e-05 ,0.000421881925588 
1.2 ,-0.2 ,-0.2 ,0.000344208991661 ,-2.64776147431e-05 ,0.000447081833466 
1.2 ,0.0 ,-0.2 ,0.000344208991661 ,2.64776147431e-05 ,0.000447081833466 
1.2 ,0.2 ,-0.2 ,0.000308563657884 ,7.12069979731e-05 ,0.000421881925588 
1.2 ,0.4 ,-0.2 ,0.000251303147332 ,9.66550566663e-05 ,0.000377959464723 
1.2 ,0.6 ,-0.2 ,0.00019004643967 ,0.000102332698284 ,0.000324813756752 
1.2 ,0.8 ,-0.2 ,0.000136665947964 ,9.46148870519e-05 ,0.000270958652482 
1.4 ,-1.0 ,-0.2 ,9.66634283953e-05 ,-5.79980570372e-05 ,0.000206192809592 
1.4 ,-0.8 ,-0.2 ,0.000126352120894 ,-5.89643230841e-05 ,0.000239571491407 
1.4 ,-0.6 ,-0.2 ,0.00015769147842 ,-5.25638261399e-05 ,0.000270958652482 
1.4 ,-0.4 ,-0.2 ,0.000184947661929 ,-3.69895323858e-05 ,0.000295872620891 
1.4 ,-0.2 ,-0.2 ,0.000201093778829 ,-1.34062519219e-05 ,0.000309785835918 
1.4 ,0.0 ,-0.2 ,0.000201093778829 ,1.34062519219e-05 ,0.000309785835918 
1.4 ,0.2 ,-0.2 ,0.000184947661929 ,3.69895323858e-05 ,0.000295872620891 
1.4 ,0.4 ,-0.2 ,0.00015769147842 ,5.25638261399e-05 ,0.000270958652482 
1.4 ,0.6 ,-0.2 ,0.000126352120894 ,5.89643230841e-05 ,0.000239571491407 
1.4 ,0.8 ,-0.2 ,9.66634283953e-05 ,5.79980570372e-05 ,0.000206192809592 
1.6 ,-1.0 ,-0.2 ,6.89894821596e-05 ,-3.65238434963e-05 ,0.000158706837061 
1.6 ,-0.8 ,-0.2 ,8.60130267291e-05 ,-3.54171286532e-05 ,0.000179878931679 
1.6 ,-0.6 ,-0.2 ,0.000102893445731 ,-3.02627781562e-05 ,0.000199040716931 
1.6 ,-0.4 ,-0.2 ,0.000116829531005 ,-2.06169760597e-05 ,0.000213781649906 
1.6 ,-0.2 ,-0.2 ,0.000124802431472 ,-7.34131949836e-06 ,0.000221845289772 
1.6 ,0.0 ,-0.2 ,0.000124802431472 ,7.34131949836e-06 ,0.000221845289772 
1.6 ,0.2 ,-0.2 ,0.000116829531005 ,2.06169760597e-05 ,0.000213781649906 
1.6 ,0.4 ,-0.2 ,0.000102893445731 ,3.02627781562e-05 ,0.000199040716931 
1.6 ,0.6 ,-0.2 ,8.60130267291e-05 ,3.54171286532e-05 ,0.000179878931679 
1.6 ,0.8 ,-0.2 ,6.89894821596e-05 ,3.65238434963e-05 ,0.000158706837061 
1.8 ,-1.0 ,-0.2 ,4.99150962306e-05 ,-2.36439929513e-05 ,0.000123757038091 
1.8 ,-0.8 ,-0.2 ,5.99988868239e-05 ,-2.21048530404e-05 ,0.000137530404621 
1.8 ,-0.6 ,-0.2 ,6.95328046102e-05 ,-1.82981064764e-05 ,0.000149625186245 
1.8 ,-0.4 ,-0.2 ,7.71058918255e-05 ,-1.21746144988e-05 ,0.000158706837061 
1.8 ,-0.2 ,-0.2 ,8.13303163044e-05 ,-4.28054296339e-06 ,0.000163597018644 
1.8 ,0.0 ,-0.2 ,8.13303163044e-05 ,4.28054296339e-06 ,0.000163597018644 
1.8 ,0.2 ,-0.2 ,7.71058918255e-05 ,1.21746144988e-05 ,0.000158706837061 
1.8 ,0.4 ,-0.2 ,6.95328046102e-05 ,1.82981064764e-05 ,0.000149625186245 
1.8 ,0.6 ,-0.2 ,5.99988868239e-05 ,2.21048530404e-05 ,0.000137530404621 
1.8 ,0.8 ,-0.2 ,4.99150962306e-05 ,2.36439929513e-05 ,0.000123757038091 
-1.0 ,-1.0 ,0.0 ,-0.000100392216021 ,-0.000100392216021 ,0.000594804142303 
-1.0 ,-0.8 ,0.0 ,-0.000173395599023 ,-0.000134863243684 ,0.000821828454795 
-1.0 ,-0.6 ,0.0 ,-0.000287614279123 ,-0.000159785710624 ,0.00110752301822 
-1.0 ,-0.4 ,0.0 ,-0.00043123838431 ,-0.000143746128103 ,0.0014050297208 
-1.0 ,-0.2 ,0.0 ,-0.000542823098319 ,-6.0313677591e-05 ,0.00160774942292 
-1.0 ,0.0 ,0.0 ,-0.000542823098319 ,6.0313677591e-05 ,0.00160774942292 
-1.0 ,0.2 ,0.0 ,-0.00043123838431 ,0.000143746128103 ,0.0014050297208 
-1.0 ,0.4 ,0.0 ,-0.000287614279123 ,0.000159785710624 ,0.00110752301822 
-1.0 ,0.6 ,0.0 ,-0.000173395599023 ,0.000134863243684 ,0.000821828454795 
-1.0 ,0.8 ,0.0 ,-0.000100392216021 ,0.000100392216021 ,0.000594804142303 
-0.8 ,-1.0 ,0.0 ,-0.000134863243684 ,-0.000173395599023 ,0.000821828454795 
-0.8 ,-0.8 ,0.0 ,-0.00027168203611 ,-0.00027168203611 ,0.00124158033643 
-0.8 ,-0.6 ,0.0 ,-0.000543995518439 ,-0.000388568227456 ,0.00186433299247 
-0.8 ,-0.4 ,0.0 ,-0.000991352176851 ,-0.000424865218651 ,0.00264214936138 
-0.8 ,-0.2 ,0.0 ,-0.00142728866502 ,-0.000203898380717 ,0.00326026810264 
-0.8 ,0.0 ,0.0 ,-0.00142728866502 ,0.000203898380717 ,0.00326026810264 
-0.8 ,0.2 ,0.0 ,-0.000991352176851 ,0.000424865218651 ,0.00264214936138 
-0.8 ,0.4 ,0.0 ,-0.000543995518439 ,0.000388568227456 ,0.00186433299247 
-0.8 ,0.6 ,0.0 ,-0.00027168203611 ,0.00027168203611 ,0.00124158033643 
-0.8 ,0.8 ,0.0 ,-0.000134863243684 ,0.000173395599023 ,0.000821828454795 
-0.6 ,-1.0 ,0.0 ,-0.000159785710624 ,-0.000287614279123 ,0.00110752301822 
-0.6 ,-0.8 ,0.0 ,-0.000388568227456 ,-0.000543995518439 ,0.00186433299247 
-0.6 ,-0.6 ,0.0 ,-0.00101949190358 ,-0.00101949190358 ,0.00326026810264 
-0.6 ,-0.4 ,0.0 ,-0.00261455906588 ,-0.00156873543953 ,0.00557224643151 
-0.6 ,-0.2 ,0.0 ,-0.00500487131729 ,-0.00100097426346 ,0.00799716273137 
-0.6 ,0.0 ,0.0 ,-0.00500487131729 ,0.00100097426346 ,0.00799716273137 
-0.6 ,0.2 ,0.0 ,-0.00261455906588 ,0.00156873543953 ,0.00557224643151 
-0.6 ,0.4 ,0.0 ,-0.00101949190358 ,0.00101949190358 ,0.00326026810264 
-0.6 ,0.6 ,0.0 ,-0.000388568227456 ,0.000543995518439 ,0.00186433299247 
-0.6 ,0.8 ,0.0 ,-0.000159785710624 ,0.000287614279123 ,0.00110752301822 
-0.4 ,-1.0 ,0.0 ,-0.000143746128103 ,-0.00043123838431 ,0.0014050297208 
-0.4 ,-0.8 ,0.0 ,-0.000424865218651 ,-0.000991352176851 ,0.00264214936138 
-0.4 ,-0.6 ,0.0 ,-0.00156873543953 ,-0.00261455906588 ,0.00557224643151 
-0.4 ,-0.4 ,0.0 ,-0.00723555228844 ,-0.00723555228844 ,0.0128369561777 
-0.4 ,-0.2 ,0.0 ,-0.0284252178978 ,-0.00947507263259 ,0.0251576465313 
-0.4 ,0.0 ,0.0 ,-0.0284252178978 ,0.00947507263259 ,0.0251576465313 
-0.4 ,0.2 ,0.0 ,-0.00723555228844 ,0.00723555228844 ,0.0128369561777 
-0.4 ,0.4 ,0.0 ,-0.00156873543953 ,0.00261455906588 ,0.00557224643151 
-0.4 ,0.6 ,0.0 ,-0.000424865218651 ,0.000991352176851 ,0.00264214936138 
-0.4 ,0.8 ,0.0 ,-0.000143746128103 ,0.00043123838431 ,0.0014050297208 
-0.2 ,-1.0 ,0.0 ,-6.0313677591e-05 ,-0.000542823098319 ,0.00160774942292 
-0.2 ,-0.8 ,0.0 ,-0.000203898380717 ,-0.00142728866502 ,0.00326026810264 
-0.2 ,-0.6 ,0.0 ,-0.00100097426346 ,-0.00500487131729 ,0.00799716273137 
-0.2 ,-0.4 ,0.0 ,-0.00947507263259 ,-0.0284252178978 ,0.0251576465313 
-0.2 ,-0.2 ,0.0 ,-0.243935828651 ,-0.243935828651 ,-0.00380963645465 
-0.2 ,0.0 ,0.0 ,-0.243935828651 ,0.243935828651 ,-0.00380963645465 
-0.2 ,0.2 ,0.0 ,-0.00947507263259 ,0.0284252178978 ,0.0251576465313 
-0.2 ,0.4 ,0.0 ,-0.00100097426346 ,0.00500487131729 ,0.00799716273137 
-0.2 ,0.6 ,0.0 ,-0.000203898380717 ,0.00142728866502 ,0.00326026810264 
-0.2 ,0.8 ,0.0 ,-6.0313677591e-05 ,0.000542823098319 ,0.00160774942292 
0.0 ,-1.0 ,0.0 ,6.0313677591e-05 ,-0.000542823098319 ,0.00160774942292 
0.0 ,-0.8 ,0.0 ,0.000203898380717 ,-0.00142728866502 ,0.00326026810264 
0.0 ,-0.6 ,0.0 ,0.00100097426346 ,-0.00500487131729 ,0.00799716273137 
0.0 ,-0.4 ,0.0 ,0.00947507263259 ,-0.0284252178978 ,0.0251576465313 
0.0 ,-0.2 ,0.0 ,0.243935828651 ,-0.243935828651 ,-0.00380963645465 
0.0 ,0.0 ,0.0 ,0.243935828651 ,0.243935828651 ,-0.00380963645465 
0.0 ,0.2 ,0.0 ,0.00947507263259 ,0.0284252178978 ,0.0251576465313 
0.0 ,0.4 ,0.0 ,0.00100097426346 ,0.00500487131729 ,0.00799716273137 
0.0 ,0.6 ,0.0 ,0.000203898380717 ,0.00142728866502 ,0.00326026810264 
0.0 ,0.8 ,0.0 ,6.0313677591e-05 ,0.000542823098319 ,0.00160774942292 
0.2 ,-1.0 ,0.0 ,0.000143746128103 ,-0.00043123838431 ,0.0014050297208 
0.2 ,-0.8 ,0.0 ,0.000424865218651 ,-0.000991352176851 ,0.00264214936138 
0.2 ,-0.6 ,0.0 ,0.00156873543953 ,-0.00261455906588 ,0.00557224643151 
0.2 ,-0.4 ,0.0 ,0.00723555228844 ,-0.00723555228844 ,0.0128369561777 
0.2 ,-0.2 ,0.0 ,0.0284252178978 ,-0.00947507263259 ,0.0251576465313 
0.2 ,0.0 ,0.0 ,0.0284252178978 ,0.00947507263259 ,0.0251576465313 
0.2 ,0.2 ,0.0 ,0.00723555228844 ,0.00723555228844 ,0.0128369561777 
0.2 ,0.4 ,0.0 ,0.00156873543953 ,0.00261455906588 ,0.00557224643151 
0.2 ,0.6 ,0.0 ,0.000424865218651 ,0.000991352176851 ,0.00264214936138 
0.2 ,0.8 ,0.0 ,0.000143746128103 ,0.00043123838431 ,0.0014050297208 
0.4 ,-1.0 ,0.0 ,0.000159785710624 ,-0.000287614279123 ,0.00110752301822 
0.4 ,-0.8 ,0.0 ,0.000388568227456 ,-0.000543995518439 ,0.00186433299247 
0.4 ,-0.6 ,0.0 ,0.00101949190358 ,-0.00101949190358 ,0.00326026810264 
0.4 ,-0.4 ,0.0 ,0.00261455906588 ,-0.00156873543953 ,0.00557224643151 
0.4 ,-0.2 ,0.0 ,0.00500487131729 ,-0.00100097426346 ,0.00799716273137 
0.4 ,0.0 ,0.0 ,0.00500487131729 ,0.00100097426346 ,0.00799716273137 
0.4 ,0.2 ,0.0 ,0.00261455906588 ,0.00156873543953 ,0.00557224643151 
0.4 ,0.4 ,0.0 ,0.00101949190358 ,0.00101949190358 ,0.00326026810264 
0.4 ,0.6 ,0.0 ,0.000388568227456 ,0.000543995518439 ,0.00186433299247 
0.4 ,0.8 ,0.0 ,0.000159785710624 ,0.000287614279123 ,0.00110752301822 
0.6 ,-1.0 ,0.0 ,0.000134863243684 ,-0.000173395599023 ,0.000821828454795 
0.6 ,-0.8 ,0.0 ,0.00027168203611 ,-0.00027168203611 ,0.00124158033643 
0.6 ,-0.6 ,0.0 ,0.000543995518439 ,-0.000388568227456 ,0.00186433299247 
0.6 ,-0.4 ,0.0 ,0.000991352176851 ,-0.000424865218651 ,0.00264214936138 
0.6 ,-0.2 ,0.0 ,0.00142728866502 ,-0.000203898380717 ,0.00326026810264 
0.6 ,0.0 ,0.0 ,0.00142728866502 ,0.000203898380717 ,0.00326026810264 
0.6 ,0.2 ,0.0 ,0.000991352176851 ,0.000424865218651 ,0.00264214936138 
0.6 ,0.4 ,0.0 ,0.000543995518439 ,0.000388568227456 ,0.00186433299247 
0.6 ,0.6 ,0.0 ,0.00027168203611 ,0.00027168203611 ,0.00124158033643 
0.6 ,0.8 ,0.0 ,0.000134863243684 ,0.000173395599023 ,0.000821828454795 
0.8 ,-1.0 ,0.0 ,0.000100392216021 ,-0.000100392216021 ,0.000594804142303 
0.8 ,-0.8 ,0.0 ,0.000173395599023 ,-0.000134863243684 ,0.000821828454795 
0.8 ,-0.6 ,0.0 ,0.000287614279123 ,-0.000159785710624 ,0.00110752301822 
0.8 ,-0.4 ,0.0 ,0.00043123838431 ,-0.000143746128103 ,0.0014050297208 
0.8 ,-0.2 ,0.0 ,0.000542823098319 ,-6.0313677591e-05 ,0.00160774942292 
0.8 ,0.0 ,0.0 ,0.000542823098319 ,6.0313677591e-05 ,0.00160774942292 
0.8 ,0.2 ,0.0 ,0.00043123838431 ,0.000143746128103 ,0.0014050297208 
0.8 ,0.4 ,0.0 ,0.000287614279123 ,0.000159785710624 ,0.00110752301822 
0.8 ,0.6 ,0.0 ,0.000173395599023 ,0.000134863243684 ,0.000821828454795 
0.8 ,0.8 ,0.0 ,0.000100392216021 ,0.000100392216021 ,0.000594804142303 
1.0 ,-1.0 ,0.0 ,7.08827838045e-05 ,-5.7995004931e-05 ,0.000429527658446 
1.0 ,-0.8 ,0.0 ,0.000108847851738 ,-6.92668147425e-05 ,0.000554034595907 
1.0 ,-0.6 ,0.0 ,0.000158871863449 ,-7.22144833857e-05 ,0.0006931129655 
1.0 ,-0.4 ,0.0 ,0.000211927954361 ,-5.77985330076e-05 ,0.000821828454795 
1.0 ,-0.2 ,0.0 ,0.000248095729309 ,-2.25541572099e-05 ,0.000901937674686 
1.0 ,0.0 ,0.0 ,0.000248095729309 ,2.25541572099e-05 ,0.000901937674686 
1.0 ,0.2 ,0.0 ,0.000211927954361 ,5.77985330076e-05 ,0.000821828454795 
1.0 ,0.4 ,0.0 ,0.000158871863449 ,7.22144833857e-05 ,0.0006931129655 
1.0 ,0.6 ,0.0 ,0.000108847851738 ,6.92668147425e-05 ,0.000554034595907 
1.0 ,0.8 ,0.0 ,7.08827838045e-05 ,5.7995004931e-05 ,0.000429527658446 
1.2 ,-1.0 ,0.0 ,4.92739265559e-05 ,-3.41127183848e-05 ,0.000313293479546 
1.2 ,-0.8 ,0.0 ,6.92962566815e-05 ,-3.73133689824e-05 ,0.000383740939825 
1.2 ,-0.6 ,0.0 ,9.26299497626e-05 ,-3.56269037548e-05 ,0.000455952502109 
1.2 ,-0.4 ,0.0 ,0.000114741345934 ,-2.64787721387e-05 ,0.000517718010969 
1.2 ,-0.2 ,0.0 ,0.000128638370236 ,-9.89525924893e-06 ,0.000554034595907 
1.2 ,0.0 ,0.0 ,0.000128638370236 ,9.89525924893e-06 ,0.000554034595907 
1.2 ,0.2 ,0.0 ,0.000114741345934 ,2.64787721387e-05 ,0.000517718010969 
1.2 ,0.4 ,0.0 ,9.26299497626e-05 ,3.56269037548e-05 ,0.000455952502109 
1.2 ,0.6 ,0.0 ,6.92962566815e-05 ,3.73133689824e-05 ,0.000383740939825 
1.2 ,0.8 ,0.0 ,4.92739265559e-05 ,3.41127183848e-05 ,0.000313293479546 
1.4 ,-1.0 ,0.0 ,3.43621373073e-05 ,-2.06172823844e-05 ,0.000232112294496 
1.4 ,-0.8 ,0.0 ,4.52487433087e-05 ,-2.11160802107e-05 ,0.000273473165524 
1.4 ,-0.6 ,0.0 ,5.68545306414e-05 ,-1.89515102138e-05 ,0.000313293479546 
1.4 ,-0.4 ,0.0 ,6.70329594483e-05 ,-1.34065918897e-05 ,0.000345547139284 
1.4 ,-0.2 ,0.0 ,7.30967710663e-05 ,-4.87311807109e-06 ,0.000363810391833 
1.4 ,0.0 ,0.0 ,7.30967710663e-05 ,4.87311807109e-06 ,0.000363810391833 
1.4 ,0.2 ,0.0 ,6.70329594483e-05 ,1.34065918897e-05 ,0.000345547139284 
1.4 ,0.4 ,0.0 ,5.68545306414e-05 ,1.89515102138e-05 ,0.000313293479546 
1.4 ,0.6 ,0.0 ,4.52487433087e-05 ,2.11160802107e-05 ,0.000273473165524 
1.4 ,0.8 ,0.0 ,3.43621373073e-05 ,2.06172823844e-05 ,0.000232112294496 
1.6 ,-1.0 ,0.0 ,2.4256656897e-05 ,-1.28417595337e-05 ,0.00017501409319 
1.6 ,-0.8 ,0.0 ,3.039307579e-05 ,-1.25147959135e-05 ,0.000200218767992 
1.6 ,-0.6 ,0.0 ,3.65178105291e-05 ,-1.07405325085e-05 ,0.000223381480877 
1.6 ,-0.4 ,0.0 ,4.16014621132e-05 ,-7.34143449056e-06 ,0.000241427014694 
1.6 ,-0.2 ,0.0 ,4.45201932353e-05 ,-2.61883489619e-06 ,0.00025138181093 
1.6 ,0.0 ,0.0 ,4.45201932353e-05 ,2.61883489619e-06 ,0.00025138181093 
1.6 ,0.2 ,0.0 ,4.16014621132e-05 ,7.34143449056e-06 ,0.000241427014694 
1.6 ,0.4 ,0.0 ,3.65178105291e-05 ,1.07405325085e-05 ,0.000223381480877 
1.6 ,0.6 ,0.0 ,3.039307579e-05 ,1.25147959135e-05 ,0.000200218767992 
1.6 ,0.8 ,0.0 ,2.4256656897e-05 ,1.28417595337e-05 ,0.00017501409319 
1.8 ,-1.0 ,0.0 ,1.73999090249e-05 ,-8.24206216967e-06 ,0.000134305894734 
1.8 ,-0.8 ,0.0 ,2.09873401332e-05 ,-7.73217794381e-06 ,0.000150214080491 
1.8 ,-0.6 ,0.0 ,2.43943584419e-05 ,-6.41956801102e-06 ,0.000164328046372 
1.8 ,-0.4 ,0.0 ,2.71103812378e-05 ,-4.28058651123e-06 ,0.00017501409319 
1.8 ,-0.2 ,0.0 ,2.86289715387e-05 ,-1.50678797572e-06 ,0.000180799419673 
1.8 ,0.0 ,0.0 ,2.86289715387e-05 ,1.50678797572e-06 ,0.000180799419673 
1.8 ,0.2 ,0.0 ,2.71103812378e-05 ,4.28058651123e-06 ,0.00017501409319 
1.8 ,0.4 ,0.0 ,2.43943584419e-05 ,6.41956801102e-06 ,0.000164328046372 
1.8 ,0.6 ,0.0 ,2.09873401332e-05 ,7.73217794381e-06 ,0.000150214080491 
1.8 ,0.8 ,0.0 ,1.73999090249e-05 ,8.24206216967e-06 ,0.000134305894734 
